order_id,product_id,quantity,item_total
1,12,4,265.76
1,6,5,196.85
2,22,1,68.97
2,23,1,4.06
2,6,4,157.48
3,22,4,275.88
3,6,2,78.74
4,11,3,74.97
4,12,1,66.44
4,2,5,252.3
4,17,4,336.36
4,4,1,1.6
4,19,3,145.32
4,21,5,79.8
4,20,5,223.4
5,1,2,111.5
5,3,4,282.2
5,21,1,15.96
6,14,4,384.76
6,21,4,63.84
6,12,1,66.44
7,23,2,8.12
7,22,2,137.94
7,8,4,53.12
8,5,1,4.28
8,11,5,124.95
8,17,4,336.36
8,18,4,215.24
8,21,5,79.8
8,14,2,192.38
8,25,4,302.92
8,12,5,332.2
8,16,5,69.25
8,13,2,186.08
9,12,4,265.76
9,19,5,242.2
9,14,1,96.19
9,13,4,372.16
9,4,3,4.8
9,20,1,44.68
9,11,5,124.95
9,10,3,166.89
9,3,2,141.1
10,15,4,53.52
11,9,1,34.68
11,24,5,465.55
11,25,5,378.65
11,1,1,55.75
11,13,2,186.08
12,21,2,31.92
12,9,5,173.4
12,8,3,39.84
12,12,5,332.2
13,17,2,168.18
13,5,4,17.12
13,13,1,93.04
13,7,1,12.93
13,12,3,199.32
13,1,5,278.75
13,16,2,27.7
14,17,4,336.36
14,19,5,242.2
14,2,5,252.3
14,24,1,93.11
15,16,4,55.4
15,15,3,40.14
15,9,1,34.68
16,7,1,12.93
16,21,5,79.8
16,20,2,89.36
16,12,5,332.2
16,9,3,104.04
16,22,1,68.97
17,16,4,55.4
17,11,1,24.99
17,25,1,75.73
17,5,1,4.28
17,4,2,3.2
17,19,3,145.32
17,2,4,201.84
17,9,3,104.04
18,3,1,70.55
18,10,1,55.63
18,20,4,178.72
18,23,3,12.18
18,24,3,279.33
18,5,4,17.12
19,21,3,47.88
19,17,3,252.27
19,23,4,16.24
19,2,1,50.46
19,4,3,4.8
19,3,3,211.65
19,11,3,74.97
19,10,4,222.52
19,6,5,196.85
20,10,5,278.15
20,12,3,199.32
20,25,4,302.92
20,3,3,211.65
20,9,2,69.36
20,4,2,3.2
20,19,1,48.44
20,20,1,44.68
20,1,5,278.75
20,2,1,50.46
21,18,5,269.05
21,23,3,12.18
21,7,5,64.65
21,3,5,352.75
21,20,2,89.36
22,1,2,111.5
22,2,5,252.3
22,5,5,21.4
22,4,3,4.8
22,21,1,15.96
22,24,1,93.11
22,23,5,20.3
22,22,5,344.85
22,3,3,211.65
23,23,4,16.24
23,15,3,40.14
23,11,5,124.95
23,12,1,66.44
23,9,2,69.36
23,8,4,53.12
23,4,5,8.0
24,21,4,63.84
24,14,5,480.95
24,20,5,223.4
24,23,4,16.24
24,25,2,151.46
24,4,3,4.8
24,17,5,420.45
24,16,2,27.7
25,24,2,186.22
25,7,5,64.65
25,22,2,137.94
25,13,1,93.04
25,2,1,50.46
25,19,4,193.76
25,9,5,173.4
26,2,3,151.38
26,12,4,265.76
26,7,1,12.93
27,21,2,31.92
27,18,4,215.24
27,2,5,252.3
27,11,4,99.96
27,16,3,41.55
28,6,5,196.85
28,17,2,168.18
28,8,4,53.12
28,11,4,99.96
29,22,4,275.88
29,6,3,118.11
29,10,5,278.15
29,9,1,34.68
29,5,5,21.4
29,8,2,26.56
29,20,5,223.4
29,17,2,168.18
30,4,4,6.4
30,24,2,186.22
30,5,1,4.28
31,1,2,111.5
31,24,5,465.55
31,7,3,38.79
31,13,1,93.04
31,11,2,49.98
32,21,2,31.92
33,19,3,145.32
34,22,2,137.94
34,6,2,78.74
34,11,4,99.96
35,8,2,26.56
35,14,1,96.19
35,21,3,47.88
36,8,2,26.56
36,22,4,275.88
36,15,1,13.38
36,12,1,66.44
36,13,3,279.12
36,9,5,173.4
36,7,5,64.65
36,4,5,8.0
36,21,5,79.8
37,19,3,145.32
37,6,1,39.37
37,12,4,265.76
37,4,3,4.8
37,8,1,13.28
38,14,5,480.95
38,18,3,161.43
39,8,1,13.28
39,2,3,151.38
39,12,3,199.32
39,9,4,138.72
39,7,4,51.72
39,24,1,93.11
39,1,1,55.75
40,1,4,223.0
41,8,2,26.56
41,3,2,141.1
41,9,3,104.04
42,5,5,21.4
43,11,4,99.96
43,1,5,278.75
43,22,1,68.97
43,13,5,465.2
43,14,1,96.19
43,10,5,278.15
43,23,1,4.06
43,8,4,53.12
43,7,5,64.65
43,18,3,161.43
44,15,4,53.52
44,9,4,138.72
45,9,3,104.04
45,23,3,12.18
45,25,2,151.46
45,22,4,275.88
46,8,5,66.4
46,3,1,70.55
46,21,5,79.8
46,16,4,55.4
46,24,5,465.55
46,2,1,50.46
47,2,4,201.84
47,9,5,173.4
47,16,2,27.7
47,12,4,265.76
47,23,2,8.12
47,14,3,288.57
48,19,5,242.2
48,4,5,8.0
48,20,4,178.72
48,21,4,63.84
48,10,2,111.26
49,21,1,15.96
49,2,2,100.92
49,15,2,26.76
49,7,1,12.93
49,11,1,24.99
50,6,5,196.85
51,11,3,74.97
51,16,5,69.25
51,17,5,420.45
51,13,5,465.2
52,16,4,55.4
52,2,2,100.92
53,4,5,8.0
53,21,3,47.88
53,15,2,26.76
53,6,4,157.48
53,23,2,8.12
53,12,5,332.2
53,5,4,17.12
53,14,2,192.38
54,3,3,211.65
54,1,4,223.0
54,9,5,173.4
55,11,5,124.95
55,10,5,278.15
55,2,1,50.46
56,20,4,178.72
56,23,4,16.24
57,19,3,145.32
57,25,5,378.65
57,4,1,1.6
57,14,4,384.76
57,9,1,34.68
57,15,5,66.9
57,11,2,49.98
57,24,5,465.55
57,2,1,50.46
57,3,4,282.2
58,12,1,66.44
58,17,1,84.09
58,9,1,34.68
58,5,2,8.56
58,7,5,64.65
58,10,4,222.52
58,14,5,480.95
58,23,1,4.06
59,16,2,27.7
59,14,1,96.19
60,16,5,69.25
60,2,4,201.84
60,10,1,55.63
60,11,5,124.95
60,3,2,141.1
60,19,3,145.32
61,16,1,13.85
62,4,2,3.2
62,7,5,64.65
62,20,2,89.36
62,21,4,63.84
62,18,4,215.24
62,5,5,21.4
63,15,5,66.9
63,13,5,465.2
63,14,2,192.38
64,21,4,63.84
64,16,2,27.7
64,11,3,74.97
64,20,4,178.72
64,19,4,193.76
64,7,2,25.86
64,14,2,192.38
64,2,4,201.84
64,24,3,279.33
64,6,5,196.85
65,23,1,4.06
65,9,2,69.36
65,13,2,186.08
66,6,1,39.37
66,15,5,66.9
66,23,2,8.12
67,2,4,201.84
67,7,2,25.86
67,13,2,186.08
67,12,2,132.88
67,8,5,66.4
67,6,1,39.37
68,18,1,53.81
68,13,5,465.2
68,7,1,12.93
68,14,5,480.95
68,23,5,20.3
68,12,1,66.44
68,15,1,13.38
69,25,3,227.19
69,3,4,282.2
69,7,5,64.65
69,2,1,50.46
70,5,4,17.12
70,7,1,12.93
70,23,2,8.12
70,13,4,372.16
70,2,2,100.92
70,24,3,279.33
71,9,3,104.04
71,10,3,166.89
71,16,3,41.55
71,20,3,134.04
71,4,5,8.0
71,2,4,201.84
72,8,5,66.4
72,19,3,145.32
72,12,4,265.76
72,9,4,138.72
72,1,1,55.75
72,3,4,282.2
72,20,4,178.72
72,24,4,372.44
72,21,2,31.92
73,20,3,134.04
73,15,5,66.9
74,9,4,138.72
74,17,3,252.27
74,15,2,26.76
74,13,5,465.2
74,2,1,50.46
74,5,3,12.84
74,1,4,223.0
74,18,4,215.24
74,12,4,265.76
75,12,2,132.88
75,6,1,39.37
75,16,1,13.85
75,24,1,93.11
75,25,2,151.46
75,9,2,69.36
75,19,1,48.44
76,5,1,4.28
76,17,5,420.45
77,25,4,302.92
77,1,1,55.75
77,22,4,275.88
78,6,5,196.85
78,20,3,134.04
78,7,1,12.93
79,23,4,16.24
79,10,2,111.26
79,11,4,99.96
79,18,4,215.24
79,14,5,480.95
79,17,1,84.09
80,6,4,157.48
80,20,2,89.36
80,8,4,53.12
80,16,5,69.25
80,24,4,372.44
80,25,4,302.92
80,14,1,96.19
81,2,1,50.46
81,6,5,196.85
81,13,5,465.2
81,11,1,24.99
81,7,1,12.93
81,5,5,21.4
81,21,2,31.92
81,10,4,222.52
81,1,2,111.5
81,15,5,66.9
82,23,2,8.12
82,9,1,34.68
82,2,1,50.46
82,1,1,55.75
83,3,4,282.2
83,18,2,107.62
83,17,2,168.18
83,2,4,201.84
84,2,5,252.3
84,20,5,223.4
85,1,4,223.0
86,18,2,107.62
87,7,3,38.79
87,6,5,196.85
87,4,5,8.0
87,16,5,69.25
87,1,2,111.5
87,18,1,53.81
87,22,5,344.85
87,14,1,96.19
87,23,5,20.3
88,10,2,111.26
88,25,1,75.73
88,7,2,25.86
88,3,5,352.75
88,18,2,107.62
88,22,2,137.94
88,13,2,186.08
88,17,2,168.18
89,23,5,20.3
89,10,1,55.63
89,16,3,41.55
89,5,5,21.4
89,7,1,12.93
89,14,1,96.19
90,13,1,93.04
90,12,3,199.32
90,6,5,196.85
90,7,2,25.86
91,23,4,16.24
91,7,2,25.86
91,16,3,41.55
91,15,4,53.52
92,3,1,70.55
92,9,5,173.4
92,6,4,157.48
92,10,3,166.89
92,14,2,192.38
92,15,3,40.14
92,24,1,93.11
92,8,3,39.84
92,12,2,132.88
92,20,1,44.68
93,24,4,372.44
93,18,3,161.43
93,25,3,227.19
93,21,1,15.96
93,1,2,111.5
93,12,2,132.88
93,4,4,6.4
93,10,4,222.52
93,5,5,21.4
94,11,2,49.98
94,15,5,66.9
94,14,4,384.76
94,13,3,279.12
94,21,4,63.84
94,16,1,13.85
94,9,2,69.36
94,18,5,269.05
95,14,5,480.95
95,10,1,55.63
95,25,1,75.73
95,22,3,206.91
95,11,2,49.98
95,12,5,332.2
95,6,5,196.85
95,13,2,186.08
95,16,4,55.4
96,10,3,166.89
97,23,1,4.06
97,20,3,134.04
97,14,4,384.76
97,18,3,161.43
97,25,4,302.92
98,1,5,278.75
98,15,2,26.76
98,24,5,465.55
98,14,1,96.19
98,23,2,8.12
98,7,4,51.72
99,21,2,31.92
99,2,2,100.92
99,5,5,21.4
99,3,1,70.55
99,13,3,279.12
99,16,4,55.4
99,18,2,107.62
99,24,3,279.33
100,25,2,151.46
100,9,1,34.68
100,19,1,48.44
100,21,4,63.84
100,24,3,279.33
100,8,4,53.12
100,13,1,93.04
100,6,3,118.11
101,10,4,222.52
101,9,1,34.68
101,19,1,48.44
101,4,1,1.6
101,25,2,151.46
102,18,1,53.81
102,11,1,24.99
102,20,5,223.4
102,3,1,70.55
102,12,2,132.88
103,24,1,93.11
103,2,3,151.38
103,20,4,178.72
104,3,3,211.65
104,21,4,63.84
104,25,4,302.92
104,23,4,16.24
104,16,4,55.4
104,2,4,201.84
105,12,4,265.76
105,10,5,278.15
105,19,4,193.76
105,6,1,39.37
105,2,1,50.46
105,4,3,4.8
105,13,1,93.04
105,1,5,278.75
106,9,4,138.72
106,2,4,201.84
106,7,3,38.79
106,11,4,99.96
106,12,2,132.88
107,18,2,107.62
107,12,1,66.44
107,10,2,111.26
107,21,5,79.8
107,9,2,69.36
107,16,1,13.85
107,3,4,282.2
108,6,3,118.11
108,8,5,66.4
108,13,2,186.08
108,16,1,13.85
108,15,5,66.9
109,18,2,107.62
109,14,4,384.76
109,9,1,34.68
109,4,3,4.8
109,17,2,168.18
109,3,2,141.1
109,16,1,13.85
109,1,2,111.5
110,17,5,420.45
110,23,4,16.24
110,10,1,55.63
110,20,5,223.4
110,16,4,55.4
110,5,4,17.12
110,15,2,26.76
110,24,3,279.33
110,18,2,107.62
110,1,2,111.5
111,23,1,4.06
111,2,4,201.84
111,6,4,157.48
111,10,2,111.26
111,5,4,17.12
111,1,4,223.0
111,12,2,132.88
111,19,3,145.32
111,4,1,1.6
111,18,3,161.43
112,11,4,99.96
112,5,1,4.28
112,19,4,193.76
112,16,1,13.85
112,13,2,186.08
112,9,3,104.04
113,25,5,378.65
114,4,5,8.0
114,2,5,252.3
115,12,1,66.44
115,6,3,118.11
115,13,2,186.08
115,23,3,12.18
115,15,4,53.52
115,5,2,8.56
115,19,3,145.32
115,8,2,26.56
115,24,4,372.44
115,22,2,137.94
116,3,4,282.2
116,4,1,1.6
116,15,2,26.76
116,5,1,4.28
116,10,4,222.52
116,21,3,47.88
117,13,5,465.2
118,24,2,186.22
118,22,5,344.85
118,2,5,252.3
118,16,4,55.4
118,3,4,282.2
118,10,3,166.89
118,6,4,157.48
119,11,1,24.99
120,7,2,25.86
120,24,3,279.33
120,5,1,4.28
121,21,3,47.88
121,3,2,141.1
121,20,1,44.68
121,4,2,3.2
121,16,1,13.85
121,25,4,302.92
121,1,2,111.5
122,5,5,21.4
122,1,3,167.25
122,13,5,465.2
122,15,2,26.76
122,9,5,173.4
122,8,3,39.84
122,4,1,1.6
123,3,5,352.75
123,10,3,166.89
124,23,1,4.06
125,15,3,40.14
125,21,1,15.96
125,7,5,64.65
125,24,3,279.33
125,1,2,111.5
125,11,3,74.97
126,13,5,465.2
126,23,3,12.18
126,3,5,352.75
126,11,4,99.96
126,7,3,38.79
127,15,2,26.76
127,4,2,3.2
127,14,4,384.76
127,22,2,137.94
127,8,2,26.56
127,24,2,186.22
128,17,3,252.27
128,11,5,124.95
128,25,1,75.73
128,12,1,66.44
128,5,4,17.12
128,6,4,157.48
128,4,5,8.0
129,3,5,352.75
130,8,2,26.56
130,16,4,55.4
130,9,1,34.68
131,20,5,223.4
132,9,2,69.36
132,25,2,151.46
132,20,2,89.36
132,10,1,55.63
132,4,3,4.8
132,21,4,63.84
133,24,1,93.11
133,4,5,8.0
133,18,2,107.62
134,10,5,278.15
134,7,2,25.86
134,24,4,372.44
134,6,4,157.48
134,5,5,21.4
134,12,1,66.44
134,23,2,8.12
135,7,4,51.72
135,21,5,79.8
135,11,1,24.99
135,20,3,134.04
135,8,2,26.56
135,9,5,173.4
135,15,2,26.76
135,18,1,53.81
135,24,2,186.22
135,12,1,66.44
136,25,1,75.73
136,8,3,39.84
136,24,1,93.11
137,2,3,151.38
137,1,4,223.0
137,12,5,332.2
138,8,1,13.28
138,14,1,96.19
138,7,2,25.86
139,23,1,4.06
139,15,1,13.38
139,7,4,51.72
139,18,3,161.43
139,4,1,1.6
139,1,5,278.75
139,13,4,372.16
139,14,4,384.76
139,22,4,275.88
139,17,3,252.27
140,1,5,278.75
140,18,4,215.24
140,20,4,178.72
141,6,5,196.85
141,25,2,151.46
141,24,3,279.33
141,4,1,1.6
142,1,5,278.75
142,23,1,4.06
142,12,4,265.76
142,3,3,211.65
143,16,2,27.7
143,13,3,279.12
143,22,5,344.85
144,10,4,222.52
145,25,5,378.65
145,10,4,222.52
145,17,2,168.18
145,12,5,332.2
145,18,3,161.43
146,14,4,384.76
146,11,4,99.96
146,9,3,104.04
146,25,4,302.92
147,8,3,39.84
147,17,1,84.09
147,23,4,16.24
147,14,3,288.57
148,25,4,302.92
148,3,2,141.1
148,21,2,31.92
148,22,1,68.97
148,23,3,12.18
148,20,4,178.72
148,9,5,173.4
149,6,2,78.74
149,7,3,38.79
149,2,1,50.46
149,16,1,13.85
150,4,3,4.8
150,15,3,40.14
150,24,5,465.55
150,6,3,118.11
150,7,1,12.93
150,22,5,344.85
150,1,1,55.75
150,5,5,21.4
150,23,5,20.3
151,6,5,196.85
151,18,3,161.43
151,24,3,279.33
151,2,4,201.84
151,4,5,8.0
151,9,2,69.36
152,22,1,68.97
152,13,5,465.2
152,24,4,372.44
152,7,1,12.93
152,21,2,31.92
152,5,4,17.12
152,6,5,196.85
152,20,5,223.4
153,17,1,84.09
153,21,3,47.88
153,7,3,38.79
153,22,5,344.85
153,25,1,75.73
153,10,1,55.63
153,2,1,50.46
154,21,3,47.88
154,15,3,40.14
155,8,1,13.28
155,3,5,352.75
155,7,1,12.93
155,12,4,265.76
155,15,4,53.52
155,16,3,41.55
155,22,1,68.97
155,4,3,4.8
156,13,4,372.16
156,6,1,39.37
156,25,1,75.73
156,15,4,53.52
156,18,4,215.24
156,24,3,279.33
156,7,5,64.65
156,14,2,192.38
156,23,4,16.24
157,20,1,44.68
157,14,3,288.57
158,1,3,167.25
159,16,1,13.85
159,19,2,96.88
159,12,2,132.88
159,4,2,3.2
160,8,3,39.84
160,21,5,79.8
160,12,1,66.44
160,4,5,8.0
160,17,5,420.45
160,2,5,252.3
160,22,5,344.85
161,9,2,69.36
161,8,2,26.56
162,5,5,21.4
162,20,2,89.36
162,3,3,211.65
162,21,2,31.92
162,6,4,157.48
162,15,4,53.52
162,2,3,151.38
163,9,2,69.36
163,25,1,75.73
163,8,4,53.12
163,5,3,12.84
163,16,4,55.4
163,7,1,12.93
163,21,4,63.84
164,18,2,107.62
164,4,5,8.0
164,10,3,166.89
164,20,4,178.72
164,5,3,12.84
164,19,5,242.2
164,25,2,151.46
164,24,1,93.11
164,2,2,100.92
165,22,4,275.88
165,6,5,196.85
165,19,3,145.32
165,8,3,39.84
166,13,5,465.2
166,1,5,278.75
166,21,5,79.8
166,23,1,4.06
166,20,5,223.4
167,9,3,104.04
167,18,2,107.62
167,20,3,134.04
167,24,4,372.44
167,6,2,78.74
167,5,1,4.28
167,22,4,275.88
167,1,5,278.75
167,14,1,96.19
168,8,3,39.84
169,23,1,4.06
169,24,5,465.55
170,11,3,74.97
170,19,3,145.32
170,16,1,13.85
170,24,3,279.33
170,17,5,420.45
171,7,1,12.93
171,18,1,53.81
171,15,1,13.38
171,17,2,168.18
171,8,3,39.84
171,22,2,137.94
171,9,1,34.68
171,19,3,145.32
171,1,5,278.75
172,7,1,12.93
172,22,5,344.85
172,17,3,252.27
173,25,4,302.92
173,13,2,186.08
173,7,2,25.86
173,16,3,41.55
173,11,3,74.97
173,21,1,15.96
173,5,3,12.84
173,14,5,480.95
173,4,5,8.0
174,24,4,372.44
174,10,3,166.89
174,16,1,13.85
174,20,5,223.4
174,2,4,201.84
174,6,4,157.48
174,8,3,39.84
174,5,5,21.4
175,11,3,74.97
175,5,4,17.12
175,10,3,166.89
175,17,1,84.09
175,1,4,223.0
176,23,5,20.3
176,21,4,63.84
176,1,4,223.0
176,19,3,145.32
176,9,5,173.4
176,15,3,40.14
176,25,2,151.46
176,22,5,344.85
176,8,3,39.84
176,3,3,211.65
177,1,1,55.75
177,23,4,16.24
177,2,1,50.46
178,6,3,118.11
178,4,2,3.2
178,9,1,34.68
179,10,4,222.52
179,7,1,12.93
179,25,3,227.19
180,14,4,384.76
180,3,4,282.2
180,8,3,39.84
181,20,5,223.4
181,2,2,100.92
181,18,5,269.05
181,11,4,99.96
182,3,3,211.65
182,8,2,26.56
182,22,5,344.85
182,5,1,4.28
182,9,1,34.68
183,7,4,51.72
183,19,5,242.2
183,17,5,420.45
183,23,3,12.18
183,13,2,186.08
183,4,4,6.4
183,16,5,69.25
183,20,5,223.4
183,15,4,53.52
184,17,3,252.27
184,23,2,8.12
184,1,3,167.25
184,3,1,70.55
184,19,3,145.32
185,24,4,372.44
185,10,5,278.15
185,15,1,13.38
185,13,2,186.08
185,23,2,8.12
185,3,4,282.2
185,12,4,265.76
185,4,4,6.4
185,19,3,145.32
186,23,2,8.12
186,6,4,157.48
186,24,4,372.44
186,9,1,34.68
186,5,1,4.28
186,25,3,227.19
186,13,1,93.04
186,10,2,111.26
186,15,5,66.9
187,10,4,222.52
187,18,3,161.43
187,6,3,118.11
187,5,2,8.56
187,3,5,352.75
187,24,2,186.22
187,23,1,4.06
187,9,2,69.36
187,16,3,41.55
187,22,4,275.88
188,24,5,465.55
188,17,3,252.27
188,4,1,1.6
188,8,1,13.28
189,6,5,196.85
189,12,4,265.76
189,7,5,64.65
189,25,4,302.92
189,21,5,79.8
189,20,5,223.4
189,3,3,211.65
189,17,3,252.27
189,2,4,201.84
190,9,4,138.72
190,23,1,4.06
190,7,5,64.65
190,1,5,278.75
190,24,5,465.55
190,11,5,124.95
190,5,1,4.28
190,20,4,178.72
190,18,4,215.24
191,15,1,13.38
191,22,1,68.97
191,8,4,53.12
191,21,3,47.88
191,7,4,51.72
191,4,1,1.6
191,16,2,27.7
192,9,4,138.72
192,5,3,12.84
193,7,1,12.93
193,12,5,332.2
193,24,5,465.55
194,12,2,132.88
194,10,2,111.26
194,9,3,104.04
194,20,4,178.72
194,25,4,302.92
194,6,4,157.48
194,18,4,215.24
194,22,2,137.94
194,1,2,111.5
194,8,1,13.28
195,17,1,84.09
196,8,1,13.28
196,24,4,372.44
196,1,3,167.25
197,18,2,107.62
197,16,3,41.55
197,13,3,279.12
197,25,1,75.73
197,11,3,74.97
197,22,4,275.88
197,19,3,145.32
197,21,4,63.84
197,3,4,282.2
198,19,3,145.32
198,9,3,104.04
198,15,3,40.14
198,8,1,13.28
198,18,2,107.62
198,17,3,252.27
198,22,1,68.97
198,20,4,178.72
198,6,5,196.85
198,2,5,252.3
199,4,5,8.0
199,11,3,74.97
199,17,4,336.36
199,24,4,372.44
200,15,4,53.52
200,14,3,288.57
200,13,3,279.12
200,3,4,282.2
200,22,3,206.91
200,17,2,168.18
200,9,5,173.4
200,11,3,74.97
201,1,5,278.75
201,14,5,480.95
201,19,1,48.44
201,10,2,111.26
201,12,3,199.32
201,22,3,206.91
201,25,5,378.65
201,9,5,173.4
201,16,2,27.7
202,5,4,17.12
202,12,4,265.76
202,9,5,173.4
202,24,2,186.22
203,20,2,89.36
203,4,1,1.6
203,18,5,269.05
203,9,2,69.36
203,12,1,66.44
203,25,2,151.46
203,16,3,41.55
203,2,1,50.46
203,8,5,66.4
203,13,5,465.2
204,16,5,69.25
204,6,4,157.48
204,23,4,16.24
205,5,5,21.4
205,18,4,215.24
205,12,3,199.32
206,25,5,378.65
206,3,2,141.1
206,13,3,279.12
206,21,1,15.96
206,1,1,55.75
207,13,2,186.08
207,24,1,93.11
207,5,2,8.56
207,9,4,138.72
208,21,2,31.92
208,1,2,111.5
208,23,3,12.18
208,14,5,480.95
208,5,5,21.4
208,9,2,69.36
208,3,2,141.1
209,16,5,69.25
209,7,2,25.86
209,21,3,47.88
210,23,2,8.12
210,1,1,55.75
211,5,1,4.28
211,11,5,124.95
211,10,4,222.52
211,9,1,34.68
211,20,1,44.68
211,23,1,4.06
211,19,1,48.44
211,18,2,107.62
211,15,5,66.9
212,7,2,25.86
212,13,1,93.04
212,18,5,269.05
212,16,5,69.25
212,14,4,384.76
212,25,5,378.65
212,20,3,134.04
212,5,2,8.56
212,19,5,242.2
212,4,5,8.0
213,25,5,378.65
213,10,3,166.89
213,19,3,145.32
213,1,2,111.5
213,12,2,132.88
213,3,5,352.75
214,20,1,44.68
214,4,5,8.0
215,14,5,480.95
215,15,1,13.38
215,11,3,74.97
215,24,4,372.44
215,8,1,13.28
215,9,4,138.72
215,5,5,21.4
215,13,2,186.08
215,1,5,278.75
216,5,3,12.84
216,18,4,215.24
216,6,4,157.48
216,12,5,332.2
216,25,5,378.65
216,11,5,124.95
216,13,3,279.12
216,8,1,13.28
217,19,5,242.2
217,22,1,68.97
217,18,3,161.43
217,13,5,465.2
217,23,1,4.06
217,11,1,24.99
217,14,1,96.19
217,21,2,31.92
217,10,2,111.26
218,22,2,137.94
218,7,4,51.72
218,14,1,96.19
218,18,2,107.62
218,16,3,41.55
218,2,2,100.92
219,21,4,63.84
220,20,5,223.4
220,8,2,26.56
220,17,3,252.27
220,5,5,21.4
220,19,2,96.88
220,15,1,13.38
220,12,1,66.44
220,23,5,20.3
220,22,2,137.94
220,24,4,372.44
221,11,3,74.97
221,7,5,64.65
221,5,1,4.28
221,13,3,279.12
221,23,2,8.12
221,10,1,55.63
221,15,2,26.76
221,4,2,3.2
221,16,1,13.85
221,1,2,111.5
222,13,1,93.04
222,19,1,48.44
222,17,4,336.36
222,10,4,222.52
222,9,4,138.72
223,8,5,66.4
223,2,2,100.92
223,14,2,192.38
223,21,3,47.88
223,10,4,222.52
223,15,4,53.52
224,24,5,465.55
224,4,4,6.4
224,9,3,104.04
224,6,3,118.11
224,10,5,278.15
224,21,2,31.92
225,8,2,26.56
225,9,3,104.04
225,19,3,145.32
225,17,4,336.36
225,24,1,93.11
225,6,1,39.37
225,2,1,50.46
225,21,2,31.92
225,22,3,206.91
226,19,3,145.32
226,24,1,93.11
226,10,2,111.26
226,7,3,38.79
226,3,4,282.2
226,15,1,13.38
227,10,1,55.63
227,12,2,132.88
227,4,3,4.8
227,17,3,252.27
227,13,4,372.16
227,8,3,39.84
228,4,1,1.6
228,20,4,178.72
228,14,1,96.19
228,12,4,265.76
229,21,2,31.92
230,11,2,49.98
230,2,4,201.84
230,9,5,173.4
230,17,2,168.18
230,12,2,132.88
231,19,1,48.44
232,6,2,78.74
232,1,1,55.75
232,17,3,252.27
232,19,5,242.2
232,15,1,13.38
232,11,2,49.98
233,1,1,55.75
233,9,3,104.04
233,7,4,51.72
233,11,5,124.95
233,3,4,282.2
233,18,5,269.05
233,4,5,8.0
233,10,2,111.26
233,15,2,26.76
234,3,2,141.1
234,17,3,252.27
234,19,4,193.76
234,11,3,74.97
234,22,3,206.91
235,23,4,16.24
235,8,2,26.56
235,25,3,227.19
235,21,4,63.84
235,16,1,13.85
235,10,2,111.26
235,14,3,288.57
235,11,1,24.99
236,6,3,118.11
236,11,4,99.96
236,20,5,223.4
236,25,2,151.46
237,1,4,223.0
238,23,5,20.3
238,10,4,222.52
238,24,1,93.11
238,6,3,118.11
238,9,5,173.4
238,14,1,96.19
238,16,3,41.55
238,7,4,51.72
238,18,3,161.43
238,21,5,79.8
239,24,2,186.22
240,25,4,302.92
241,18,1,53.81
241,8,1,13.28
241,6,2,78.74
241,16,2,27.7
242,24,4,372.44
242,14,4,384.76
242,7,3,38.79
242,25,5,378.65
242,15,1,13.38
243,19,5,242.2
243,7,5,64.65
243,1,2,111.5
243,16,2,27.7
244,23,3,12.18
244,12,5,332.2
244,6,4,157.48
245,12,5,332.2
245,2,4,201.84
245,10,1,55.63
245,5,2,8.56
245,3,2,141.1
245,25,4,302.92
245,18,1,53.81
245,8,1,13.28
245,9,5,173.4
246,24,3,279.33
246,10,4,222.52
246,7,4,51.72
246,13,4,372.16
246,5,1,4.28
246,2,2,100.92
246,11,2,49.98
246,15,2,26.76
246,25,2,151.46
247,11,2,49.98
248,10,2,111.26
248,13,1,93.04
248,18,1,53.81
248,12,5,332.2
248,9,2,69.36
248,25,4,302.92
249,9,2,69.36
249,2,4,201.84
249,23,3,12.18
249,25,3,227.19
250,21,3,47.88
250,14,4,384.76
250,5,3,12.84
250,18,5,269.05
250,3,4,282.2
250,4,5,8.0
250,6,4,157.48
250,13,5,465.2
251,4,3,4.8
251,25,3,227.19
251,3,3,211.65
251,22,4,275.88
251,15,3,40.14
252,22,5,344.85
252,5,4,17.12
252,13,5,465.2
253,25,5,378.65
253,11,5,124.95
253,10,3,166.89
253,6,4,157.48
253,8,5,66.4
253,9,3,104.04
254,14,3,288.57
254,21,4,63.84
255,5,2,8.56
255,20,3,134.04
255,3,2,141.1
255,7,1,12.93
255,11,5,124.95
255,24,5,465.55
255,15,1,13.38
255,21,5,79.8
256,17,1,84.09
256,7,4,51.72
256,22,4,275.88
256,1,2,111.5
256,21,4,63.84
256,24,3,279.33
256,15,3,40.14
257,4,3,4.8
257,5,1,4.28
257,19,1,48.44
257,17,1,84.09
257,20,1,44.68
257,23,5,20.3
257,12,1,66.44
257,1,1,55.75
257,11,3,74.97
257,6,3,118.11
258,25,3,227.19
258,5,2,8.56
258,2,5,252.3
258,8,4,53.12
258,15,3,40.14
258,19,2,96.88
258,6,3,118.11
258,21,4,63.84
259,14,4,384.76
259,13,4,372.16
259,4,4,6.4
259,15,5,66.9
259,6,5,196.85
259,18,3,161.43
259,24,5,465.55
260,5,5,21.4
260,15,1,13.38
260,14,4,384.76
261,24,3,279.33
261,2,1,50.46
261,3,2,141.1
262,17,1,84.09
262,11,2,49.98
262,8,5,66.4
262,13,4,372.16
263,17,2,168.18
263,7,3,38.79
263,20,5,223.4
264,19,5,242.2
264,11,2,49.98
264,3,5,352.75
264,24,3,279.33
264,8,5,66.4
264,10,2,111.26
264,13,1,93.04
264,17,4,336.36
265,12,4,265.76
265,11,4,99.96
266,5,4,17.12
266,4,3,4.8
266,9,3,104.04
266,1,4,223.0
266,24,2,186.22
266,17,5,420.45
266,25,2,151.46
266,11,4,99.96
267,11,3,74.97
268,22,1,68.97
268,11,5,124.95
268,7,5,64.65
268,23,2,8.12
268,15,2,26.76
268,2,3,151.38
268,21,1,15.96
268,16,2,27.7
268,5,4,17.12
268,9,2,69.36
269,13,1,93.04
269,17,3,252.27
269,22,5,344.85
269,19,1,48.44
270,5,4,17.12
270,2,2,100.92
271,10,1,55.63
271,14,4,384.76
271,15,4,53.52
271,1,5,278.75
271,21,2,31.92
271,4,1,1.6
271,23,3,12.18
272,19,4,193.76
272,18,2,107.62
272,15,2,26.76
272,14,2,192.38
272,4,1,1.6
272,13,5,465.2
272,8,1,13.28
272,20,1,44.68
273,17,4,336.36
273,25,5,378.65
273,2,4,201.84
273,19,5,242.2
273,1,3,167.25
273,21,5,79.8
273,14,5,480.95
273,10,5,278.15
273,22,4,275.88
273,8,3,39.84
274,22,2,137.94
274,5,5,21.4
274,14,4,384.76
274,13,4,372.16
274,4,2,3.2
274,15,5,66.9
274,8,4,53.12
274,2,1,50.46
274,19,4,193.76
275,16,3,41.55
275,20,4,178.72
275,7,4,51.72
275,13,4,372.16
275,23,5,20.3
275,17,2,168.18
275,22,5,344.85
275,11,4,99.96
275,3,4,282.2
275,15,3,40.14
276,14,1,96.19
276,10,4,222.52
276,6,4,157.48
276,21,5,79.8
276,12,4,265.76
276,15,3,40.14
276,13,2,186.08
276,25,5,378.65
277,19,1,48.44
277,15,4,53.52
277,10,1,55.63
277,22,2,137.94
278,11,5,124.95
278,19,1,48.44
278,18,5,269.05
278,24,3,279.33
278,1,1,55.75
278,13,1,93.04
279,14,5,480.95
279,23,4,16.24
279,6,5,196.85
279,8,5,66.4
279,4,3,4.8
279,13,1,93.04
279,17,4,336.36
279,11,3,74.97
279,19,4,193.76
279,25,5,378.65
280,19,2,96.88
280,20,4,178.72
281,13,3,279.12
281,22,5,344.85
281,21,3,47.88
281,4,5,8.0
281,15,5,66.9
282,20,4,178.72
282,14,2,192.38
282,13,5,465.2
282,3,3,211.65
282,7,5,64.65
282,16,1,13.85
282,4,4,6.4
282,8,4,53.12
282,9,1,34.68
283,4,3,4.8
283,1,2,111.5
283,21,2,31.92
283,17,4,336.36
284,25,2,151.46
284,15,3,40.14
284,10,3,166.89
284,20,5,223.4
284,5,4,17.12
284,1,1,55.75
284,14,3,288.57
284,24,1,93.11
284,16,2,27.7
285,21,1,15.96
285,22,4,275.88
285,19,3,145.32
285,14,2,192.38
285,2,5,252.3
285,9,5,173.4
286,9,5,173.4
286,8,4,53.12
287,17,3,252.27
287,12,1,66.44
287,9,3,104.04
287,11,3,74.97
287,22,1,68.97
288,12,4,265.76
288,14,1,96.19
288,16,1,13.85
288,18,4,215.24
288,2,1,50.46
289,10,5,278.15
289,7,4,51.72
289,21,2,31.92
289,1,4,223.0
289,2,4,201.84
289,5,5,21.4
289,16,1,13.85
290,10,2,111.26
290,7,2,25.86
290,19,3,145.32
290,25,4,302.92
290,23,1,4.06
290,21,4,63.84
291,4,5,8.0
291,6,3,118.11
291,2,5,252.3
292,21,3,47.88
292,15,1,13.38
292,10,3,166.89
292,11,3,74.97
292,6,3,118.11
292,8,5,66.4
292,23,4,16.24
292,14,2,192.38
292,22,5,344.85
293,11,2,49.98
293,22,5,344.85
294,14,4,384.76
294,24,4,372.44
294,3,2,141.1
294,22,4,275.88
294,6,4,157.48
294,23,4,16.24
294,19,4,193.76
295,22,5,344.85
295,13,1,93.04
295,6,4,157.48
295,18,2,107.62
295,17,2,168.18
295,19,2,96.88
296,2,2,100.92
296,22,2,137.94
297,11,2,49.98
297,5,2,8.56
297,6,4,157.48
297,17,3,252.27
297,9,2,69.36
297,18,3,161.43
297,8,5,66.4
297,13,1,93.04
297,7,4,51.72
298,23,5,20.3
298,14,2,192.38
298,2,4,201.84
298,16,5,69.25
298,7,5,64.65
299,7,5,64.65
299,17,3,252.27
299,16,1,13.85
299,24,2,186.22
300,22,5,344.85
301,20,5,223.4
301,14,3,288.57
301,11,3,74.97
301,16,4,55.4
301,15,4,53.52
301,2,3,151.38
301,17,5,420.45
301,18,2,107.62
302,8,5,66.4
303,16,1,13.85
303,2,2,100.92
304,18,1,53.81
305,15,5,66.9
305,22,4,275.88
305,14,4,384.76
305,7,2,25.86
305,23,4,16.24
305,19,2,96.88
305,6,3,118.11
305,5,1,4.28
306,12,1,66.44
306,17,4,336.36
306,23,5,20.3
307,3,2,141.1
307,8,3,39.84
307,14,5,480.95
307,21,4,63.84
308,25,4,302.92
308,5,5,21.4
308,20,2,89.36
308,3,1,70.55
308,14,1,96.19
308,19,5,242.2
308,2,1,50.46
309,1,4,223.0
309,11,1,24.99
309,21,1,15.96
309,4,3,4.8
309,14,4,384.76
309,8,1,13.28
309,13,3,279.12
309,17,4,336.36
310,16,5,69.25
310,25,5,378.65
310,3,4,282.2
311,6,5,196.85
311,17,3,252.27
311,24,3,279.33
311,15,3,40.14
311,18,1,53.81
311,5,5,21.4
312,1,5,278.75
312,2,3,151.38
313,22,5,344.85
313,13,3,279.12
313,18,3,161.43
313,16,5,69.25
313,4,5,8.0
313,14,4,384.76
313,12,4,265.76
314,6,4,157.48
314,22,1,68.97
314,4,3,4.8
314,3,1,70.55
314,19,1,48.44
314,18,2,107.62
314,2,1,50.46
314,24,1,93.11
315,21,2,31.92
315,17,1,84.09
315,1,1,55.75
315,3,3,211.65
315,16,3,41.55
315,23,5,20.3
315,7,1,12.93
315,19,1,48.44
315,6,2,78.74
316,12,4,265.76
316,16,1,13.85
316,6,2,78.74
316,1,3,167.25
316,3,5,352.75
316,7,3,38.79
316,2,5,252.3
317,14,5,480.95
317,1,2,111.5
317,15,3,40.14
317,24,3,279.33
317,19,1,48.44
317,22,4,275.88
317,17,5,420.45
318,25,5,378.65
318,13,2,186.08
318,11,5,124.95
318,3,3,211.65
318,1,5,278.75
319,24,2,186.22
319,20,1,44.68
319,12,2,132.88
319,22,1,68.97
320,24,1,93.11
320,19,1,48.44
320,17,4,336.36
320,11,2,49.98
320,21,2,31.92
320,7,3,38.79
320,1,3,167.25
321,19,5,242.2
321,9,2,69.36
321,14,2,192.38
321,2,5,252.3
321,12,4,265.76
322,15,2,26.76
322,7,3,38.79
322,12,3,199.32
322,13,2,186.08
322,6,3,118.11
322,25,3,227.19
322,1,4,223.0
322,9,2,69.36
322,23,3,12.18
322,21,4,63.84
323,6,4,157.48
324,14,5,480.95
324,19,5,242.2
324,4,2,3.2
325,14,4,384.76
325,16,3,41.55
325,17,4,336.36
325,5,3,12.84
325,11,3,74.97
325,9,2,69.36
325,20,1,44.68
325,24,4,372.44
325,1,4,223.0
326,3,5,352.75
326,14,2,192.38
326,16,5,69.25
326,21,2,31.92
326,11,4,99.96
326,25,5,378.65
327,6,3,118.11
327,17,1,84.09
327,5,1,4.28
327,20,5,223.4
327,19,4,193.76
327,15,2,26.76
327,14,3,288.57
327,7,4,51.72
327,9,5,173.4
328,17,4,336.36
328,10,3,166.89
328,21,5,79.8
328,4,1,1.6
328,6,2,78.74
328,15,5,66.9
328,7,2,25.86
329,20,3,134.04
329,23,4,16.24
329,8,4,53.12
329,24,2,186.22
329,11,2,49.98
329,17,5,420.45
329,15,4,53.52
329,25,4,302.92
329,19,2,96.88
330,1,4,223.0
331,23,4,16.24
332,25,4,302.92
332,6,5,196.85
332,16,5,69.25
332,8,3,39.84
333,4,4,6.4
334,4,4,6.4
334,21,3,47.88
334,1,5,278.75
334,7,1,12.93
334,10,5,278.15
334,24,5,465.55
335,15,5,66.9
335,1,4,223.0
335,16,4,55.4
335,11,3,74.97
335,9,1,34.68
335,20,1,44.68
335,24,2,186.22
336,8,1,13.28
337,1,2,111.5
337,15,2,26.76
337,14,2,192.38
337,18,2,107.62
337,23,3,12.18
337,7,2,25.86
337,19,5,242.2
337,4,5,8.0
337,16,2,27.7
337,10,5,278.15
338,4,5,8.0
338,3,2,141.1
338,19,4,193.76
338,1,5,278.75
338,9,2,69.36
338,25,1,75.73
338,16,3,41.55
338,6,4,157.48
338,12,2,132.88
339,8,5,66.4
339,19,3,145.32
339,13,5,465.2
339,17,5,420.45
340,16,2,27.7
340,15,4,53.52
340,7,4,51.72
340,20,1,44.68
340,23,1,4.06
340,6,4,157.48
340,4,1,1.6
340,5,3,12.84
340,22,2,137.94
341,1,1,55.75
341,24,4,372.44
341,14,4,384.76
341,2,5,252.3
341,8,1,13.28
341,21,4,63.84
341,4,4,6.4
341,19,4,193.76
341,16,3,41.55
342,16,3,41.55
342,8,4,53.12
342,22,2,137.94
342,24,4,372.44
342,10,3,166.89
342,11,3,74.97
343,14,3,288.57
343,15,1,13.38
344,4,2,3.2
345,23,1,4.06
345,10,4,222.52
345,9,5,173.4
345,18,1,53.81
345,20,3,134.04
345,14,1,96.19
345,16,4,55.4
345,7,3,38.79
345,2,5,252.3
346,18,3,161.43
346,11,3,74.97
346,13,5,465.2
347,17,4,336.36
347,12,2,132.88
347,1,3,167.25
347,9,5,173.4
347,19,1,48.44
347,18,1,53.81
347,21,5,79.8
347,22,3,206.91
347,2,5,252.3
348,25,1,75.73
348,20,2,89.36
349,16,2,27.7
349,6,5,196.85
349,9,5,173.4
349,4,3,4.8
349,13,2,186.08
349,24,3,279.33
349,1,4,223.0
349,14,1,96.19
349,22,3,206.91
349,25,2,151.46
350,14,2,192.38
350,18,5,269.05
350,7,2,25.86
351,22,5,344.85
351,9,3,104.04
351,20,2,89.36
351,16,4,55.4
351,3,2,141.1
352,9,4,138.72
352,22,3,206.91
352,21,4,63.84
353,15,3,40.14
353,7,5,64.65
353,6,4,157.48
353,1,3,167.25
353,8,4,53.12
353,21,2,31.92
353,16,1,13.85
353,23,3,12.18
353,13,4,372.16
354,20,4,178.72
354,19,3,145.32
354,11,4,99.96
354,24,5,465.55
354,6,2,78.74
354,10,4,222.52
354,2,5,252.3
354,22,4,275.88
354,14,4,384.76
355,23,2,8.12
355,4,1,1.6
355,5,3,12.84
355,6,2,78.74
356,10,3,166.89
356,2,4,201.84
356,17,1,84.09
356,6,3,118.11
357,22,1,68.97
357,23,3,12.18
357,20,3,134.04
357,7,4,51.72
357,25,3,227.19
358,4,2,3.2
359,13,2,186.08
359,8,5,66.4
359,11,2,49.98
359,17,1,84.09
359,15,3,40.14
359,21,5,79.8
359,18,4,215.24
360,4,1,1.6
360,2,3,151.38
360,12,5,332.2
361,21,3,47.88
361,14,4,384.76
361,6,3,118.11
361,1,3,167.25
361,15,1,13.38
361,5,5,21.4
361,2,4,201.84
361,20,1,44.68
362,16,4,55.4
362,23,4,16.24
362,14,1,96.19
362,5,2,8.56
362,17,2,168.18
362,4,2,3.2
362,12,1,66.44
363,23,4,16.24
363,24,2,186.22
363,25,4,302.92
363,19,3,145.32
363,11,3,74.97
363,1,3,167.25
363,18,1,53.81
363,5,1,4.28
363,4,2,3.2
364,24,5,465.55
364,12,3,199.32
364,19,2,96.88
364,10,2,111.26
364,14,1,96.19
364,3,5,352.75
365,14,3,288.57
365,6,5,196.85
365,3,3,211.65
365,22,2,137.94
365,9,4,138.72
365,5,4,17.12
365,15,1,13.38
365,1,1,55.75
365,18,1,53.81
366,1,4,223.0
366,5,1,4.28
366,4,3,4.8
366,2,1,50.46
366,16,3,41.55
366,22,2,137.94
366,17,5,420.45
366,25,2,151.46
366,11,4,99.96
367,8,3,39.84
367,23,3,12.18
367,20,3,134.04
367,6,2,78.74
367,17,5,420.45
367,14,2,192.38
367,25,1,75.73
367,22,4,275.88
368,14,2,192.38
368,6,2,78.74
368,23,3,12.18
368,15,5,66.9
368,1,4,223.0
368,9,2,69.36
368,16,3,41.55
368,7,3,38.79
369,3,4,282.2
369,23,4,16.24
370,24,5,465.55
370,18,3,161.43
370,7,2,25.86
370,4,3,4.8
370,19,2,96.88
370,12,1,66.44
370,14,2,192.38
371,22,3,206.91
372,2,3,151.38
372,16,4,55.4
372,13,1,93.04
372,9,2,69.36
372,1,4,223.0
373,5,1,4.28
374,18,1,53.81
374,10,3,166.89
374,23,5,20.3
375,13,4,372.16
375,2,4,201.84
375,4,1,1.6
375,25,5,378.65
375,19,1,48.44
375,17,1,84.09
375,10,3,166.89
376,10,5,278.15
376,19,2,96.88
376,22,4,275.88
376,20,4,178.72
376,11,4,99.96
376,9,5,173.4
377,2,5,252.3
377,5,3,12.84
378,20,5,223.4
378,6,5,196.85
378,14,2,192.38
378,16,1,13.85
378,22,3,206.91
378,15,5,66.9
378,18,5,269.05
378,21,4,63.84
379,15,3,40.14
379,14,3,288.57
380,9,1,34.68
380,13,1,93.04
380,19,4,193.76
380,2,4,201.84
380,17,5,420.45
380,1,1,55.75
381,15,3,40.14
382,6,5,196.85
382,7,3,38.79
382,14,3,288.57
382,20,4,178.72
383,13,4,372.16
383,11,2,49.98
384,23,3,12.18
385,9,5,173.4
385,15,5,66.9
385,1,4,223.0
385,13,4,372.16
385,10,1,55.63
385,2,4,201.84
385,8,1,13.28
385,18,4,215.24
386,6,3,118.11
387,10,2,111.26
388,17,5,420.45
388,10,4,222.52
388,18,4,215.24
388,9,4,138.72
388,2,1,50.46
389,8,3,39.84
389,2,1,50.46
389,5,4,17.12
389,25,4,302.92
389,24,3,279.33
389,18,5,269.05
390,17,1,84.09
391,12,3,199.32
391,16,3,41.55
391,8,4,53.12
391,4,1,1.6
391,1,2,111.5
391,23,1,4.06
391,15,5,66.9
392,20,2,89.36
392,12,3,199.32
392,19,3,145.32
392,18,5,269.05
392,3,5,352.75
393,4,1,1.6
393,9,3,104.04
393,7,2,25.86
393,5,2,8.56
394,16,2,27.7
394,15,3,40.14
394,3,2,141.1
394,18,2,107.62
394,1,1,55.75
394,22,4,275.88
395,13,3,279.12
395,18,3,161.43
395,11,4,99.96
395,2,5,252.3
395,15,3,40.14
395,12,3,199.32
395,25,4,302.92
395,1,2,111.5
396,22,5,344.85
396,14,1,96.19
396,19,5,242.2
396,12,4,265.76
396,21,1,15.96
396,1,3,167.25
396,8,2,26.56
396,6,5,196.85
396,20,4,178.72
397,21,1,15.96
398,1,1,55.75
398,13,4,372.16
398,5,1,4.28
398,6,5,196.85
398,24,1,93.11
398,15,1,13.38
398,20,2,89.36
398,9,1,34.68
398,7,4,51.72
398,8,2,26.56
399,3,1,70.55
399,12,4,265.76
399,8,3,39.84
399,17,5,420.45
400,4,2,3.2
400,9,5,173.4
400,10,5,278.15
401,21,4,63.84
401,2,3,151.38
401,11,1,24.99
401,22,4,275.88
401,16,4,55.4
402,23,2,8.12
402,15,3,40.14
402,14,2,192.38
402,22,5,344.85
402,1,2,111.5
402,4,1,1.6
403,9,3,104.04
403,10,2,111.26
403,20,5,223.4
403,13,3,279.12
403,24,1,93.11
403,8,3,39.84
404,1,1,55.75
405,13,5,465.2
405,12,1,66.44
405,7,1,12.93
405,1,3,167.25
406,6,1,39.37
406,12,1,66.44
406,5,4,17.12
406,11,5,124.95
406,1,1,55.75
406,22,1,68.97
406,15,1,13.38
406,23,3,12.18
407,21,5,79.8
407,5,3,12.84
407,13,1,93.04
407,14,2,192.38
407,23,5,20.3
407,1,3,167.25
407,18,3,161.43
408,12,5,332.2
408,7,5,64.65
408,20,5,223.4
409,9,5,173.4
409,10,2,111.26
409,6,4,157.48
409,16,5,69.25
409,18,1,53.81
409,3,1,70.55
409,23,3,12.18
409,14,2,192.38
409,11,2,49.98
410,23,1,4.06
410,24,2,186.22
410,7,5,64.65
410,15,2,26.76
410,13,5,465.2
411,14,1,96.19
411,3,3,211.65
411,12,4,265.76
412,21,1,15.96
412,18,3,161.43
412,8,1,13.28
412,3,2,141.1
413,24,5,465.55
413,5,1,4.28
413,18,3,161.43
413,13,5,465.2
413,22,3,206.91
413,20,1,44.68
413,25,4,302.92
413,12,5,332.2
413,8,1,13.28
413,7,3,38.79
414,10,3,166.89
414,5,5,21.4
414,11,4,99.96
414,9,5,173.4
414,19,1,48.44
414,4,2,3.2
415,23,3,12.18
415,17,1,84.09
415,8,4,53.12
415,10,2,111.26
415,13,3,279.12
415,1,2,111.5
415,3,4,282.2
416,17,1,84.09
416,25,1,75.73
417,17,3,252.27
417,9,4,138.72
417,23,1,4.06
417,11,4,99.96
417,25,4,302.92
417,16,5,69.25
417,15,3,40.14
417,5,5,21.4
417,18,2,107.62
418,10,5,278.15
418,3,2,141.1
418,9,4,138.72
418,23,1,4.06
419,10,3,166.89
419,22,5,344.85
419,18,4,215.24
419,15,3,40.14
419,1,1,55.75
419,3,5,352.75
419,14,5,480.95
419,21,5,79.8
419,25,2,151.46
419,16,5,69.25
420,17,5,420.45
420,13,4,372.16
421,22,4,275.88
421,17,5,420.45
421,20,3,134.04
421,24,3,279.33
421,1,1,55.75
421,16,2,27.7
422,23,4,16.24
422,5,4,17.12
423,23,1,4.06
424,2,2,100.92
424,9,2,69.36
424,21,1,15.96
424,17,4,336.36
424,5,3,12.84
424,14,2,192.38
424,10,4,222.52
425,1,2,111.5
425,22,5,344.85
425,11,2,49.98
425,20,4,178.72
425,3,3,211.65
425,10,2,111.26
425,6,5,196.85
425,8,2,26.56
425,25,2,151.46
426,14,3,288.57
426,3,4,282.2
427,2,5,252.3
427,21,2,31.92
427,1,5,278.75
427,5,5,21.4
427,23,3,12.18
428,3,1,70.55
428,24,2,186.22
428,6,2,78.74
428,25,3,227.19
428,22,2,137.94
429,6,1,39.37
429,18,1,53.81
429,16,5,69.25
429,14,4,384.76
429,7,2,25.86
429,22,3,206.91
430,25,3,227.19
430,21,5,79.8
430,7,5,64.65
430,20,4,178.72
430,23,1,4.06
430,5,5,21.4
430,3,2,141.1
431,15,2,26.76
431,18,1,53.81
431,16,2,27.7
431,6,2,78.74
431,7,5,64.65
432,25,3,227.19
432,5,2,8.56
432,12,3,199.32
432,11,5,124.95
432,17,1,84.09
432,4,3,4.8
432,18,3,161.43
433,17,4,336.36
433,12,3,199.32
433,22,2,137.94
434,25,1,75.73
434,10,4,222.52
434,16,5,69.25
434,18,4,215.24
434,24,2,186.22
434,5,4,17.12
434,4,1,1.6
435,2,5,252.3
435,4,1,1.6
436,5,2,8.56
436,16,3,41.55
436,13,4,372.16
437,13,2,186.08
437,24,5,465.55
437,10,4,222.52
437,2,2,100.92
437,17,2,168.18
437,9,4,138.72
437,23,4,16.24
437,18,3,161.43
437,7,5,64.65
438,18,5,269.05
438,11,2,49.98
438,1,1,55.75
438,10,3,166.89
438,13,2,186.08
438,17,2,168.18
438,6,4,157.48
438,3,5,352.75
438,19,1,48.44
439,14,5,480.95
439,20,1,44.68
439,21,1,15.96
439,19,2,96.88
439,11,3,74.97
439,15,4,53.52
439,2,3,151.38
439,5,4,17.12
440,20,2,89.36
440,25,1,75.73
441,17,4,336.36
441,21,3,47.88
441,4,1,1.6
441,1,5,278.75
441,16,3,41.55
441,10,3,166.89
441,6,2,78.74
442,8,2,26.56
442,23,4,16.24
442,6,3,118.11
443,14,1,96.19
443,9,3,104.04
443,8,2,26.56
443,16,5,69.25
443,11,3,74.97
443,3,3,211.65
443,17,4,336.36
443,10,4,222.52
443,4,5,8.0
444,2,3,151.38
444,7,5,64.65
444,11,2,49.98
444,9,2,69.36
444,10,4,222.52
444,4,2,3.2
444,6,2,78.74
444,1,3,167.25
445,19,2,96.88
445,21,5,79.8
445,17,5,420.45
445,2,4,201.84
445,6,4,157.48
445,9,5,173.4
446,5,1,4.28
446,15,2,26.76
446,9,4,138.72
446,3,5,352.75
446,1,2,111.5
446,19,3,145.32
447,17,5,420.45
447,21,2,31.92
447,3,5,352.75
447,6,1,39.37
448,21,5,79.8
448,24,1,93.11
448,2,2,100.92
448,7,5,64.65
448,3,3,211.65
448,15,5,66.9
448,10,4,222.52
449,8,1,13.28
449,4,1,1.6
449,5,3,12.84
449,9,5,173.4
450,23,4,16.24
450,1,4,223.0
450,7,3,38.79
450,13,4,372.16
450,17,4,336.36
450,9,2,69.36
450,5,1,4.28
451,5,5,21.4
451,17,4,336.36
451,18,5,269.05
451,22,5,344.85
452,2,2,100.92
452,20,4,178.72
452,5,2,8.56
452,3,1,70.55
452,21,5,79.8
452,4,5,8.0
452,22,5,344.85
452,18,5,269.05
452,19,3,145.32
452,8,2,26.56
453,25,5,378.65
454,7,4,51.72
454,17,2,168.18
454,18,2,107.62
454,13,5,465.2
454,21,2,31.92
454,1,5,278.75
454,25,5,378.65
454,8,2,26.56
455,11,5,124.95
455,16,3,41.55
455,24,3,279.33
455,17,2,168.18
455,10,3,166.89
455,5,2,8.56
455,15,1,13.38
455,9,5,173.4
455,12,4,265.76
456,20,3,134.04
456,10,4,222.52
456,1,1,55.75
456,2,5,252.3
456,11,1,24.99
456,8,4,53.12
456,17,1,84.09
456,25,2,151.46
457,14,1,96.19
457,7,5,64.65
457,5,5,21.4
457,10,4,222.52
457,3,5,352.75
457,15,3,40.14
457,19,2,96.88
458,19,5,242.2
458,20,2,89.36
458,17,1,84.09
458,12,1,66.44
458,4,3,4.8
459,22,3,206.91
460,19,5,242.2
460,17,5,420.45
460,23,1,4.06
460,24,1,93.11
460,4,5,8.0
460,7,3,38.79
460,12,4,265.76
460,1,1,55.75
460,3,5,352.75
461,2,2,100.92
461,21,2,31.92
461,13,3,279.12
461,16,1,13.85
461,7,4,51.72
461,19,4,193.76
461,14,5,480.95
461,8,3,39.84
462,22,4,275.88
462,12,2,132.88
462,11,4,99.96
462,7,2,25.86
462,21,3,47.88
462,5,3,12.84
463,13,4,372.16
463,8,2,26.56
463,11,2,49.98
463,18,3,161.43
463,24,2,186.22
463,14,1,96.19
463,1,5,278.75
463,9,2,69.36
463,10,4,222.52
463,5,5,21.4
464,18,5,269.05
464,13,5,465.2
464,9,3,104.04
464,21,4,63.84
464,20,4,178.72
464,16,2,27.7
464,23,4,16.24
465,17,2,168.18
465,1,1,55.75
465,7,5,64.65
465,3,4,282.2
465,2,2,100.92
466,4,5,8.0
466,16,5,69.25
466,3,1,70.55
466,8,4,53.12
466,21,1,15.96
466,13,1,93.04
466,5,5,21.4
466,1,4,223.0
466,20,4,178.72
467,9,4,138.72
467,2,5,252.3
467,14,2,192.38
467,16,4,55.4
467,12,3,199.32
467,5,3,12.84
467,19,1,48.44
468,8,1,13.28
469,7,4,51.72
469,4,5,8.0
469,17,5,420.45
469,12,5,332.2
469,2,5,252.3
469,6,5,196.85
469,10,1,55.63
469,8,3,39.84
469,1,4,223.0
469,13,1,93.04
470,18,5,269.05
470,19,4,193.76
470,5,3,12.84
470,21,4,63.84
470,8,1,13.28
471,22,2,137.94
471,9,4,138.72
472,4,3,4.8
472,21,4,63.84
472,6,2,78.74
472,24,4,372.44
472,9,5,173.4
472,19,1,48.44
472,25,5,378.65
472,22,4,275.88
472,2,5,252.3
472,14,4,384.76
473,16,4,55.4
473,17,3,252.27
473,3,4,282.2
473,9,4,138.72
473,11,2,49.98
473,23,1,4.06
473,1,4,223.0
473,21,5,79.8
473,25,1,75.73
474,14,2,192.38
474,6,3,118.11
475,7,1,12.93
475,14,5,480.95
475,10,4,222.52
475,4,2,3.2
475,15,3,40.14
476,19,5,242.2
476,10,4,222.52
476,17,5,420.45
476,16,5,69.25
476,2,4,201.84
476,3,4,282.2
476,20,5,223.4
476,22,2,137.94
476,13,2,186.08
476,6,2,78.74
477,8,3,39.84
477,18,4,215.24
477,15,3,40.14
477,25,1,75.73
477,10,1,55.63
477,21,3,47.88
477,6,5,196.85
477,3,1,70.55
478,11,4,99.96
478,15,3,40.14
478,10,5,278.15
478,3,3,211.65
478,25,1,75.73
478,7,3,38.79
478,22,1,68.97
478,13,3,279.12
479,15,3,40.14
479,17,4,336.36
479,18,1,53.81
479,24,4,372.44
479,12,2,132.88
480,23,1,4.06
480,9,2,69.36
481,9,2,69.36
481,3,2,141.1
482,19,5,242.2
482,25,2,151.46
482,13,2,186.08
482,7,1,12.93
482,16,1,13.85
483,15,2,26.76
484,24,1,93.11
484,2,5,252.3
484,1,1,55.75
484,9,4,138.72
484,4,4,6.4
484,15,4,53.52
484,20,1,44.68
485,16,1,13.85
485,20,3,134.04
486,9,1,34.68
486,3,2,141.1
487,13,4,372.16
488,15,2,26.76
488,20,1,44.68
488,9,2,69.36
488,19,1,48.44
488,6,2,78.74
488,8,1,13.28
488,2,5,252.3
488,5,5,21.4
488,17,3,252.27
488,3,4,282.2
489,1,4,223.0
490,24,3,279.33
490,5,1,4.28
490,14,2,192.38
490,13,4,372.16
490,21,3,47.88
491,7,5,64.65
491,19,4,193.76
492,13,5,465.2
492,10,2,111.26
492,9,2,69.36
492,1,2,111.5
492,6,1,39.37
492,22,4,275.88
492,14,5,480.95
493,19,4,193.76
493,2,3,151.38
493,4,1,1.6
493,15,2,26.76
493,7,3,38.79
493,3,5,352.75
493,10,3,166.89
493,16,3,41.55
494,23,4,16.24
494,7,1,12.93
494,3,4,282.2
495,1,5,278.75
495,4,3,4.8
496,2,2,100.92
496,3,4,282.2
496,9,1,34.68
496,17,3,252.27
496,18,4,215.24
496,15,1,13.38
496,5,4,17.12
496,25,1,75.73
497,12,4,265.76
497,25,5,378.65
497,1,4,223.0
497,9,5,173.4
497,23,2,8.12
497,20,5,223.4
497,2,5,252.3
497,19,4,193.76
497,8,5,66.4
497,4,5,8.0
498,20,3,134.04
498,25,5,378.65
498,1,3,167.25
499,13,3,279.12
499,14,1,96.19
499,24,4,372.44
499,22,5,344.85
499,21,4,63.84
499,3,2,141.1
499,19,3,145.32
499,4,1,1.6
499,7,1,12.93
500,10,5,278.15
500,22,1,68.97
501,23,4,16.24
501,3,5,352.75
501,12,5,332.2
501,22,5,344.85
501,7,2,25.86
501,25,1,75.73
501,4,5,8.0
501,14,5,480.95
501,5,3,12.84
501,15,4,53.52
502,6,5,196.85
502,24,2,186.22
502,16,2,27.7
502,25,1,75.73
502,8,1,13.28
503,18,4,215.24
504,9,3,104.04
504,3,4,282.2
504,2,2,100.92
504,24,3,279.33
504,6,3,118.11
504,16,3,41.55
505,21,4,63.84
505,16,3,41.55
505,17,3,252.27
505,4,2,3.2
506,23,5,20.3
506,20,1,44.68
506,17,3,252.27
506,11,4,99.96
506,15,4,53.52
507,5,4,17.12
507,13,4,372.16
507,17,4,336.36
507,18,2,107.62
507,19,3,145.32
507,15,1,13.38
508,5,3,12.84
508,10,2,111.26
508,24,3,279.33
508,9,3,104.04
508,1,5,278.75
509,15,5,66.9
509,11,2,49.98
509,18,4,215.24
509,25,5,378.65
509,12,1,66.44
509,21,5,79.8
509,6,3,118.11
510,23,4,16.24
510,4,4,6.4
510,2,5,252.3
510,25,3,227.19
511,3,4,282.2
511,15,3,40.14
511,14,1,96.19
511,23,2,8.12
511,7,2,25.86
511,10,1,55.63
511,2,5,252.3
511,6,1,39.37
511,16,4,55.4
512,14,4,384.76
512,9,5,173.4
512,15,1,13.38
513,25,4,302.92
513,1,3,167.25
513,16,2,27.7
513,7,5,64.65
513,3,1,70.55
513,24,4,372.44
513,13,3,279.12
513,18,1,53.81
513,19,5,242.2
513,22,3,206.91
514,19,5,242.2
514,10,5,278.15
514,6,2,78.74
514,24,2,186.22
514,22,5,344.85
514,2,5,252.3
514,11,1,24.99
514,9,4,138.72
515,17,3,252.27
515,24,4,372.44
515,13,3,279.12
515,21,2,31.92
515,15,5,66.9
515,18,1,53.81
515,22,2,137.94
515,1,3,167.25
515,10,3,166.89
516,14,4,384.76
516,18,2,107.62
516,11,1,24.99
516,9,5,173.4
517,10,2,111.26
517,16,5,69.25
518,2,1,50.46
518,23,1,4.06
518,13,3,279.12
518,16,5,69.25
518,4,2,3.2
518,19,2,96.88
518,9,5,173.4
518,20,3,134.04
518,6,4,157.48
519,18,4,215.24
519,22,5,344.85
519,10,4,222.52
519,6,5,196.85
519,16,2,27.7
519,8,3,39.84
520,8,3,39.84
520,15,2,26.76
520,22,2,137.94
520,4,2,3.2
521,18,4,215.24
521,2,2,100.92
521,17,5,420.45
521,23,2,8.12
521,24,2,186.22
521,3,4,282.2
521,12,4,265.76
521,15,3,40.14
522,25,1,75.73
522,12,4,265.76
522,21,4,63.84
522,7,3,38.79
522,2,1,50.46
522,15,5,66.9
522,24,1,93.11
523,22,1,68.97
524,19,4,193.76
524,1,2,111.5
524,7,4,51.72
524,17,4,336.36
524,13,2,186.08
524,8,1,13.28
525,6,4,157.48
525,4,1,1.6
525,13,2,186.08
525,1,1,55.75
525,19,2,96.88
525,3,1,70.55
525,24,4,372.44
525,8,4,53.12
525,5,5,21.4
525,20,2,89.36
526,18,4,215.24
526,17,1,84.09
526,14,2,192.38
526,24,2,186.22
526,15,5,66.9
526,7,4,51.72
527,14,3,288.57
527,4,5,8.0
527,17,2,168.18
527,6,4,157.48
527,7,1,12.93
527,8,1,13.28
527,15,3,40.14
528,19,5,242.2
528,4,5,8.0
528,8,5,66.4
528,12,2,132.88
528,2,4,201.84
528,17,5,420.45
528,1,2,111.5
528,25,2,151.46
528,20,4,178.72
528,22,3,206.91
529,17,2,168.18
529,15,4,53.52
529,9,2,69.36
529,13,1,93.04
529,16,5,69.25
529,3,5,352.75
529,21,4,63.84
529,6,5,196.85
529,24,5,465.55
529,18,2,107.62
530,3,1,70.55
530,14,3,288.57
530,19,2,96.88
530,17,3,252.27
530,18,3,161.43
530,7,3,38.79
530,20,5,223.4
531,9,3,104.04
531,2,2,100.92
531,18,1,53.81
531,1,3,167.25
531,23,3,12.18
532,1,2,111.5
532,21,1,15.96
532,3,1,70.55
532,23,5,20.3
532,14,4,384.76
533,1,4,223.0
533,6,4,157.48
533,3,3,211.65
533,24,1,93.11
533,9,3,104.04
533,21,3,47.88
534,25,2,151.46
534,1,3,167.25
534,8,3,39.84
534,21,2,31.92
534,9,4,138.72
535,7,1,12.93
536,13,1,93.04
536,18,5,269.05
536,22,4,275.88
536,14,4,384.76
537,25,1,75.73
537,9,5,173.4
537,19,3,145.32
537,11,3,74.97
537,7,5,64.65
537,1,5,278.75
538,13,1,93.04
538,1,1,55.75
538,11,5,124.95
538,10,2,111.26
538,20,5,223.4
538,24,5,465.55
538,18,1,53.81
538,3,5,352.75
539,17,2,168.18
539,23,1,4.06
539,14,4,384.76
539,9,5,173.4
539,13,1,93.04
539,21,2,31.92
540,4,3,4.8
540,10,3,166.89
540,14,3,288.57
540,6,3,118.11
540,25,2,151.46
540,3,1,70.55
540,11,3,74.97
540,23,2,8.12
540,1,2,111.5
541,7,1,12.93
541,19,1,48.44
541,9,2,69.36
541,20,1,44.68
541,6,4,157.48
541,8,4,53.12
542,4,4,6.4
542,17,2,168.18
542,25,3,227.19
542,16,5,69.25
542,3,3,211.65
542,21,5,79.8
542,1,1,55.75
543,5,2,8.56
544,20,1,44.68
544,5,5,21.4
544,21,3,47.88
544,25,5,378.65
545,22,4,275.88
545,7,1,12.93
545,18,1,53.81
546,3,5,352.75
546,10,5,278.15
546,18,1,53.81
546,13,4,372.16
546,16,1,13.85
546,5,3,12.84
546,21,4,63.84
547,20,1,44.68
547,14,4,384.76
547,2,2,100.92
548,6,3,118.11
548,25,3,227.19
548,17,3,252.27
548,12,5,332.2
549,16,2,27.7
549,3,4,282.2
549,21,3,47.88
549,19,2,96.88
549,22,4,275.88
549,20,1,44.68
550,7,5,64.65
550,9,5,173.4
550,5,1,4.28
550,14,4,384.76
550,18,3,161.43
550,21,2,31.92
551,9,2,69.36
551,20,2,89.36
551,16,4,55.4
551,5,1,4.28
551,24,4,372.44
551,15,5,66.9
551,17,1,84.09
551,7,4,51.72
551,25,4,302.92
552,7,5,64.65
552,5,2,8.56
552,15,4,53.52
552,25,3,227.19
552,19,5,242.2
552,13,1,93.04
552,16,3,41.55
553,7,1,12.93
553,14,3,288.57
553,12,5,332.2
554,2,5,252.3
554,15,1,13.38
554,3,4,282.2
554,14,4,384.76
555,8,4,53.12
555,25,4,302.92
555,6,2,78.74
555,10,2,111.26
555,4,4,6.4
555,17,2,168.18
555,13,5,465.2
555,24,2,186.22
556,5,4,17.12
556,19,5,242.2
556,18,2,107.62
556,11,4,99.96
556,14,3,288.57
556,7,3,38.79
556,8,1,13.28
557,17,3,252.27
557,8,4,53.12
557,20,1,44.68
557,10,2,111.26
557,3,5,352.75
557,19,4,193.76
558,8,3,39.84
558,9,3,104.04
559,17,2,168.18
559,8,1,13.28
559,7,1,12.93
559,15,4,53.52
560,22,2,137.94
560,2,2,100.92
561,12,1,66.44
561,19,3,145.32
561,7,2,25.86
561,10,2,111.26
561,22,2,137.94
562,22,3,206.91
562,21,3,47.88
562,24,3,279.33
562,18,5,269.05
563,5,2,8.56
563,21,3,47.88
563,8,5,66.4
563,15,5,66.9
563,2,5,252.3
563,1,5,278.75
563,19,3,145.32
564,16,4,55.4
564,9,3,104.04
564,8,4,53.12
564,10,1,55.63
564,22,2,137.94
564,19,1,48.44
564,21,3,47.88
564,6,2,78.74
564,24,5,465.55
564,23,5,20.3
565,19,5,242.2
565,12,5,332.2
565,14,2,192.38
565,22,3,206.91
565,23,3,12.18
566,19,2,96.88
566,24,5,465.55
566,9,3,104.04
566,15,4,53.52
566,2,5,252.3
566,11,4,99.96
566,10,4,222.52
567,2,2,100.92
567,4,5,8.0
567,17,1,84.09
567,1,1,55.75
567,7,3,38.79
567,23,5,20.3
567,11,3,74.97
567,10,3,166.89
567,5,4,17.12
567,18,4,215.24
568,15,4,53.52
568,6,1,39.37
568,22,5,344.85
569,6,4,157.48
569,20,2,89.36
569,7,4,51.72
569,9,5,173.4
569,5,4,17.12
569,16,2,27.7
569,13,4,372.16
569,11,3,74.97
570,18,1,53.81
570,14,1,96.19
570,15,1,13.38
570,22,3,206.91
570,19,4,193.76
570,7,4,51.72
570,11,3,74.97
571,23,4,16.24
571,16,5,69.25
572,6,1,39.37
572,19,2,96.88
572,11,5,124.95
572,24,5,465.55
572,8,4,53.12
572,22,5,344.85
572,14,1,96.19
572,4,5,8.0
573,22,1,68.97
573,21,4,63.84
573,17,2,168.18
573,7,3,38.79
574,15,1,13.38
574,3,5,352.75
574,23,1,4.06
574,16,4,55.4
574,5,3,12.84
574,7,2,25.86
574,22,1,68.97
574,25,1,75.73
574,19,3,145.32
575,3,1,70.55
575,2,3,151.38
575,9,2,69.36
575,6,4,157.48
575,5,5,21.4
575,17,4,336.36
575,12,2,132.88
575,7,1,12.93
575,18,2,107.62
575,11,5,124.95
576,6,4,157.48
577,16,2,27.7
577,25,3,227.19
577,7,3,38.79
578,5,1,4.28
578,11,3,74.97
578,12,2,132.88
578,22,3,206.91
578,21,4,63.84
578,24,4,372.44
578,23,2,8.12
578,25,5,378.65
578,7,3,38.79
578,9,2,69.36
579,12,5,332.2
579,22,3,206.91
579,6,3,118.11
580,9,1,34.68
580,5,2,8.56
581,23,5,20.3
581,25,1,75.73
581,20,5,223.4
581,9,1,34.68
581,2,3,151.38
581,1,5,278.75
581,8,2,26.56
581,16,4,55.4
581,17,2,168.18
581,7,1,12.93
582,15,3,40.14
583,15,1,13.38
583,24,4,372.44
583,13,5,465.2
583,3,1,70.55
583,12,1,66.44
584,25,2,151.46
584,16,4,55.4
584,4,3,4.8
584,5,2,8.56
584,15,3,40.14
584,21,2,31.92
584,3,1,70.55
585,6,1,39.37
585,19,4,193.76
585,9,2,69.36
585,23,2,8.12
586,21,1,15.96
586,24,1,93.11
586,11,2,49.98
586,22,5,344.85
586,7,5,64.65
586,16,2,27.7
586,19,1,48.44
586,9,2,69.36
586,20,4,178.72
586,23,4,16.24
587,13,3,279.12
587,24,5,465.55
587,21,2,31.92
588,14,4,384.76
588,2,3,151.38
588,10,3,166.89
589,9,1,34.68
589,16,2,27.7
589,11,2,49.98
589,17,2,168.18
589,22,1,68.97
589,10,1,55.63
589,6,2,78.74
589,8,1,13.28
590,22,5,344.85
590,23,5,20.3
590,21,5,79.8
591,3,3,211.65
591,4,4,6.4
592,19,1,48.44
593,12,5,332.2
593,16,3,41.55
593,9,5,173.4
593,18,2,107.62
593,5,4,17.12
593,8,3,39.84
593,25,1,75.73
594,15,4,53.52
594,2,1,50.46
594,7,3,38.79
594,3,3,211.65
594,5,4,17.12
594,21,5,79.8
595,12,5,332.2
595,25,1,75.73
595,6,1,39.37
595,24,4,372.44
595,15,3,40.14
595,20,3,134.04
596,3,2,141.1
596,19,2,96.88
596,9,3,104.04
596,6,4,157.48
596,22,4,275.88
596,11,2,49.98
597,15,4,53.52
597,17,5,420.45
597,22,1,68.97
597,10,5,278.15
597,13,1,93.04
597,20,4,178.72
597,18,5,269.05
597,25,3,227.19
597,5,4,17.12
598,8,5,66.4
598,21,5,79.8
598,14,1,96.19
598,18,4,215.24
598,16,2,27.7
598,2,4,201.84
599,9,4,138.72
599,5,3,12.84
600,7,5,64.65
600,22,3,206.91
600,1,5,278.75
601,20,4,178.72
601,23,4,16.24
601,21,3,47.88
601,3,2,141.1
601,7,1,12.93
601,25,1,75.73
601,9,3,104.04
601,1,5,278.75
602,1,3,167.25
602,13,5,465.2
602,5,2,8.56
602,8,1,13.28
602,15,3,40.14
602,14,5,480.95
602,11,1,24.99
603,22,2,137.94
603,14,4,384.76
603,21,3,47.88
604,12,2,132.88
604,19,4,193.76
605,1,3,167.25
605,9,4,138.72
605,14,5,480.95
605,23,4,16.24
605,19,4,193.76
605,6,1,39.37
605,18,1,53.81
605,3,5,352.75
606,11,4,99.96
607,7,1,12.93
607,10,3,166.89
607,5,2,8.56
607,16,3,41.55
607,6,5,196.85
607,9,5,173.4
607,4,1,1.6
607,21,5,79.8
607,23,2,8.12
607,14,1,96.19
608,17,5,420.45
608,19,1,48.44
608,23,5,20.3
608,15,4,53.52
608,18,1,53.81
608,24,4,372.44
609,24,4,372.44
609,18,3,161.43
609,7,2,25.86
609,4,5,8.0
609,3,3,211.65
610,17,4,336.36
611,8,5,66.4
611,23,5,20.3
611,12,3,199.32
611,11,3,74.97
611,13,1,93.04
612,12,4,265.76
612,1,5,278.75
612,11,2,49.98
612,16,5,69.25
612,23,5,20.3
612,24,3,279.33
612,20,3,134.04
612,9,1,34.68
612,10,3,166.89
613,6,3,118.11
613,23,2,8.12
613,17,3,252.27
613,22,2,137.94
613,11,1,24.99
614,8,5,66.4
614,18,2,107.62
615,16,5,69.25
615,25,4,302.92
616,13,1,93.04
617,7,2,25.86
617,8,2,26.56
617,10,1,55.63
617,18,2,107.62
617,21,2,31.92
617,3,1,70.55
617,19,3,145.32
617,12,2,132.88
617,1,3,167.25
617,11,3,74.97
618,10,5,278.15
618,25,2,151.46
618,8,3,39.84
618,23,1,4.06
618,21,2,31.92
618,7,5,64.65
618,13,1,93.04
619,20,3,134.04
619,7,3,38.79
619,19,1,48.44
619,12,1,66.44
619,13,2,186.08
619,9,4,138.72
619,15,3,40.14
619,22,2,137.94
619,18,3,161.43
620,5,5,21.4
620,16,5,69.25
620,22,2,137.94
620,20,1,44.68
620,19,4,193.76
620,3,5,352.75
621,25,4,302.92
621,18,1,53.81
621,1,5,278.75
622,14,5,480.95
622,9,1,34.68
622,8,1,13.28
622,17,1,84.09
622,16,5,69.25
622,21,4,63.84
622,11,2,49.98
622,5,1,4.28
622,22,2,137.94
622,12,3,199.32
623,21,3,47.88
623,20,4,178.72
623,1,4,223.0
623,10,3,166.89
624,8,1,13.28
624,15,1,13.38
624,4,4,6.4
624,6,4,157.48
624,22,2,137.94
625,25,2,151.46
625,15,5,66.9
626,20,2,89.36
626,10,4,222.52
626,22,2,137.94
626,19,1,48.44
627,4,2,3.2
627,24,1,93.11
627,10,1,55.63
627,3,4,282.2
627,21,3,47.88
627,23,5,20.3
627,19,4,193.76
628,23,4,16.24
628,17,1,84.09
628,1,3,167.25
629,3,1,70.55
629,17,4,336.36
629,22,4,275.88
629,19,1,48.44
630,10,5,278.15
630,6,3,118.11
630,21,2,31.92
630,16,2,27.7
630,7,3,38.79
630,18,3,161.43
630,11,2,49.98
630,5,3,12.84
630,24,4,372.44
630,17,5,420.45
631,7,3,38.79
632,13,1,93.04
633,18,5,269.05
633,11,1,24.99
633,24,2,186.22
633,6,4,157.48
633,9,4,138.72
633,7,3,38.79
633,8,5,66.4
633,21,3,47.88
633,5,4,17.12
634,1,2,111.5
634,14,3,288.57
634,13,3,279.12
634,23,4,16.24
634,11,2,49.98
634,24,5,465.55
634,10,3,166.89
634,12,3,199.32
634,4,2,3.2
634,17,3,252.27
635,24,4,372.44
635,21,2,31.92
636,10,1,55.63
636,13,2,186.08
636,9,1,34.68
637,21,2,31.92
637,9,5,173.4
637,5,2,8.56
637,24,4,372.44
637,3,3,211.65
638,14,1,96.19
638,6,5,196.85
639,4,2,3.2
639,8,3,39.84
639,25,5,378.65
639,11,2,49.98
640,20,4,178.72
640,21,5,79.8
640,1,2,111.5
640,15,1,13.38
640,6,1,39.37
640,12,5,332.2
640,17,1,84.09
640,11,4,99.96
640,3,3,211.65
641,18,4,215.24
641,16,5,69.25
642,1,3,167.25
642,2,5,252.3
642,15,4,53.52
642,11,5,124.95
642,13,5,465.2
642,3,4,282.2
642,7,3,38.79
643,15,3,40.14
643,17,3,252.27
644,2,3,151.38
645,15,4,53.52
645,24,4,372.44
645,17,2,168.18
646,14,5,480.95
646,9,4,138.72
646,13,5,465.2
646,3,4,282.2
646,8,4,53.12
646,6,1,39.37
646,18,2,107.62
647,5,4,17.12
647,8,3,39.84
647,15,4,53.52
647,22,4,275.88
647,9,5,173.4
647,10,2,111.26
647,14,5,480.95
648,24,5,465.55
648,12,1,66.44
648,4,5,8.0
648,20,3,134.04
648,23,3,12.18
648,5,4,17.12
649,12,2,132.88
649,15,5,66.9
649,6,5,196.85
649,13,3,279.12
649,7,1,12.93
649,11,1,24.99
649,9,1,34.68
649,5,4,17.12
650,18,2,107.62
650,3,2,141.1
650,9,2,69.36
650,16,2,27.7
650,4,4,6.4
651,5,1,4.28
651,23,1,4.06
651,22,4,275.88
652,20,2,89.36
652,25,2,151.46
652,14,5,480.95
652,2,1,50.46
652,5,3,12.84
652,15,5,66.9
652,9,3,104.04
653,20,3,134.04
653,6,5,196.85
653,2,5,252.3
653,11,2,49.98
654,19,2,96.88
654,12,1,66.44
654,20,3,134.04
654,5,4,17.12
655,13,3,279.12
655,20,4,178.72
655,11,5,124.95
655,21,4,63.84
655,12,3,199.32
655,8,4,53.12
655,5,1,4.28
655,14,4,384.76
655,25,5,378.65
655,15,2,26.76
656,21,4,63.84
656,13,4,372.16
657,11,4,99.96
657,14,4,384.76
658,2,3,151.38
658,8,3,39.84
658,18,5,269.05
658,23,4,16.24
658,6,1,39.37
658,20,3,134.04
658,7,1,12.93
658,14,1,96.19
658,9,1,34.68
659,20,1,44.68
659,7,5,64.65
659,9,4,138.72
659,19,3,145.32
659,13,1,93.04
659,4,3,4.8
659,18,1,53.81
659,21,5,79.8
659,6,2,78.74
659,2,3,151.38
660,24,2,186.22
660,4,1,1.6
660,1,3,167.25
660,5,3,12.84
660,11,3,74.97
660,7,2,25.86
660,15,3,40.14
660,14,1,96.19
660,25,1,75.73
660,16,5,69.25
661,6,2,78.74
661,16,4,55.4
661,10,4,222.52
661,20,4,178.72
661,14,5,480.95
662,21,4,63.84
662,13,1,93.04
663,1,3,167.25
663,6,3,118.11
664,16,3,41.55
664,5,4,17.12
664,20,2,89.36
664,22,5,344.85
664,18,3,161.43
665,12,3,199.32
665,16,1,13.85
665,20,2,89.36
665,7,2,25.86
665,9,4,138.72
665,19,2,96.88
665,8,5,66.4
665,22,4,275.88
665,1,3,167.25
666,12,4,265.76
666,9,2,69.36
666,19,1,48.44
666,22,3,206.91
666,24,3,279.33
666,21,3,47.88
666,23,5,20.3
666,4,3,4.8
667,7,1,12.93
667,13,4,372.16
667,6,4,157.48
667,9,4,138.72
667,24,3,279.33
667,25,3,227.19
667,19,1,48.44
667,22,2,137.94
668,12,2,132.88
668,16,2,27.7
669,18,1,53.81
669,5,2,8.56
669,23,3,12.18
669,4,5,8.0
669,21,5,79.8
669,22,1,68.97
669,14,2,192.38
670,2,4,201.84
670,14,4,384.76
670,16,5,69.25
670,22,3,206.91
670,1,1,55.75
671,19,2,96.88
671,12,3,199.32
672,17,4,336.36
672,9,1,34.68
673,14,5,480.95
673,7,1,12.93
673,9,3,104.04
673,10,2,111.26
673,8,4,53.12
674,6,1,39.37
674,10,1,55.63
674,17,2,168.18
674,11,5,124.95
674,1,4,223.0
675,9,4,138.72
675,19,4,193.76
675,17,2,168.18
676,3,3,211.65
676,4,2,3.2
676,6,1,39.37
676,5,5,21.4
676,7,4,51.72
676,21,3,47.88
676,8,4,53.12
676,12,2,132.88
676,18,5,269.05
676,23,2,8.12
677,23,1,4.06
677,9,5,173.4
678,25,3,227.19
678,22,1,68.97
678,17,1,84.09
678,2,4,201.84
678,4,2,3.2
678,13,2,186.08
678,12,1,66.44
678,9,1,34.68
679,18,1,53.81
680,6,3,118.11
680,10,3,166.89
680,15,4,53.52
680,13,2,186.08
680,14,1,96.19
680,17,3,252.27
680,12,5,332.2
680,20,5,223.4
680,24,2,186.22
681,4,5,8.0
681,9,2,69.36
681,1,3,167.25
681,18,5,269.05
681,24,3,279.33
682,17,2,168.18
683,2,4,201.84
683,1,4,223.0
683,10,2,111.26
683,22,5,344.85
683,13,3,279.12
683,17,3,252.27
683,23,4,16.24
683,25,5,378.65
683,21,5,79.8
684,10,4,222.52
684,15,1,13.38
684,12,5,332.2
684,16,2,27.7
684,19,1,48.44
684,1,2,111.5
685,2,4,201.84
685,21,3,47.88
685,11,1,24.99
685,8,1,13.28
685,3,2,141.1
685,14,5,480.95
685,7,4,51.72
685,24,5,465.55
685,5,3,12.84
686,15,4,53.52
686,5,3,12.84
686,9,1,34.68
686,10,1,55.63
686,17,1,84.09
686,18,5,269.05
686,11,3,74.97
686,22,1,68.97
686,8,2,26.56
687,11,1,24.99
687,15,5,66.9
688,2,4,201.84
688,16,2,27.7
688,11,5,124.95
688,6,5,196.85
689,13,2,186.08
689,5,3,12.84
689,6,5,196.85
689,25,4,302.92
689,1,4,223.0
689,4,4,6.4
689,23,2,8.12
689,3,3,211.65
690,19,1,48.44
690,14,5,480.95
691,9,2,69.36
691,25,1,75.73
691,8,1,13.28
691,13,4,372.16
691,2,5,252.3
692,6,5,196.85
692,18,5,269.05
692,9,2,69.36
692,3,2,141.1
692,7,1,12.93
692,2,2,100.92
692,5,2,8.56
692,23,1,4.06
693,25,4,302.92
693,2,2,100.92
693,15,5,66.9
693,14,1,96.19
693,18,3,161.43
693,13,3,279.12
693,8,2,26.56
693,10,4,222.52
694,8,2,26.56
694,6,3,118.11
694,21,2,31.92
694,16,2,27.7
694,17,4,336.36
694,18,2,107.62
695,1,5,278.75
695,21,4,63.84
695,9,1,34.68
695,6,4,157.48
695,15,5,66.9
695,7,3,38.79
696,22,1,68.97
696,7,5,64.65
696,8,5,66.4
696,5,1,4.28
697,18,3,161.43
697,3,5,352.75
697,7,2,25.86
697,12,2,132.88
697,10,5,278.15
697,4,3,4.8
697,2,4,201.84
697,14,3,288.57
697,9,3,104.04
698,23,4,16.24
698,19,1,48.44
698,3,4,282.2
698,4,2,3.2
698,13,5,465.2
698,25,2,151.46
699,16,1,13.85
699,2,1,50.46
699,6,4,157.48
699,11,2,49.98
699,9,3,104.04
699,12,2,132.88
699,3,5,352.75
699,10,4,222.52
700,11,5,124.95
700,15,3,40.14
700,24,2,186.22
700,16,2,27.7
700,21,4,63.84
700,6,3,118.11
700,8,3,39.84
700,22,1,68.97
700,20,4,178.72
701,1,3,167.25
702,18,3,161.43
702,10,2,111.26
703,22,5,344.85
703,21,5,79.8
703,16,5,69.25
703,20,3,134.04
703,14,1,96.19
703,23,1,4.06
703,4,5,8.0
703,5,1,4.28
703,6,5,196.85
704,18,2,107.62
704,19,3,145.32
704,7,5,64.65
704,24,2,186.22
705,13,4,372.16
705,12,2,132.88
705,1,2,111.5
705,14,1,96.19
705,18,5,269.05
706,24,5,465.55
707,3,4,282.2
707,13,5,465.2
707,11,3,74.97
707,18,3,161.43
707,15,3,40.14
707,24,3,279.33
707,8,3,39.84
708,8,5,66.4
708,25,3,227.19
708,15,1,13.38
708,11,4,99.96
708,20,2,89.36
709,9,5,173.4
709,5,1,4.28
709,14,1,96.19
710,13,3,279.12
710,18,1,53.81
710,6,5,196.85
710,17,1,84.09
710,14,1,96.19
710,24,3,279.33
710,1,1,55.75
711,17,4,336.36
711,20,4,178.72
711,2,4,201.84
712,7,1,12.93
712,12,2,132.88
712,9,2,69.36
712,14,5,480.95
712,1,4,223.0
712,2,2,100.92
712,22,4,275.88
713,25,2,151.46
713,20,4,178.72
714,15,1,13.38
714,20,3,134.04
714,22,5,344.85
714,25,3,227.19
714,19,2,96.88
714,3,5,352.75
714,4,1,1.6
714,7,3,38.79
714,1,3,167.25
714,18,4,215.24
715,10,2,111.26
716,11,3,74.97
716,22,3,206.91
716,7,5,64.65
716,8,5,66.4
716,16,1,13.85
716,17,1,84.09
716,23,4,16.24
716,12,2,132.88
717,22,2,137.94
717,17,3,252.27
717,11,4,99.96
718,8,2,26.56
718,20,5,223.4
718,10,2,111.26
718,17,1,84.09
718,23,4,16.24
718,22,4,275.88
718,11,2,49.98
718,19,4,193.76
718,13,4,372.16
718,2,5,252.3
719,10,3,166.89
719,14,5,480.95
719,19,4,193.76
719,18,2,107.62
719,13,2,186.08
719,24,4,372.44
720,11,5,124.95
720,17,3,252.27
720,22,2,137.94
720,5,1,4.28
720,18,3,161.43
720,9,3,104.04
720,20,4,178.72
720,2,4,201.84
720,7,4,51.72
721,9,2,69.36
721,10,2,111.26
721,15,3,40.14
721,12,3,199.32
721,3,2,141.1
721,4,4,6.4
721,22,3,206.91
721,18,3,161.43
722,10,1,55.63
722,5,1,4.28
722,8,3,39.84
722,16,1,13.85
722,11,4,99.96
722,6,2,78.74
723,1,4,223.0
723,10,5,278.15
723,8,5,66.4
723,9,2,69.36
724,7,1,12.93
724,17,2,168.18
724,4,3,4.8
724,20,3,134.04
724,10,5,278.15
725,7,3,38.79
725,9,4,138.72
725,3,5,352.75
725,13,3,279.12
725,4,2,3.2
725,19,2,96.88
725,14,2,192.38
725,2,1,50.46
726,7,5,64.65
726,12,2,132.88
726,19,4,193.76
726,1,5,278.75
726,14,3,288.57
726,20,5,223.4
727,21,4,63.84
727,7,5,64.65
727,18,2,107.62
727,20,1,44.68
727,8,3,39.84
727,16,4,55.4
728,1,1,55.75
729,5,5,21.4
729,21,5,79.8
729,10,1,55.63
729,13,1,93.04
729,4,3,4.8
729,2,5,252.3
729,12,1,66.44
729,16,5,69.25
730,25,2,151.46
730,2,5,252.3
730,15,3,40.14
730,17,4,336.36
730,22,2,137.94
731,24,1,93.11
731,8,1,13.28
731,7,1,12.93
731,20,5,223.4
731,2,1,50.46
731,14,2,192.38
731,11,4,99.96
731,4,3,4.8
731,6,1,39.37
731,16,3,41.55
732,16,2,27.7
732,13,5,465.2
732,5,2,8.56
732,8,5,66.4
732,22,4,275.88
732,14,5,480.95
732,3,4,282.2
733,7,2,25.86
733,14,5,480.95
733,3,1,70.55
733,25,3,227.19
733,12,1,66.44
733,16,2,27.7
734,7,3,38.79
734,5,5,21.4
734,17,2,168.18
734,16,1,13.85
734,9,4,138.72
734,24,5,465.55
734,2,1,50.46
734,6,2,78.74
734,19,4,193.76
735,2,1,50.46
735,7,3,38.79
735,25,2,151.46
735,5,3,12.84
735,21,5,79.8
735,3,3,211.65
735,17,1,84.09
735,1,5,278.75
736,18,5,269.05
736,24,4,372.44
737,24,4,372.44
737,16,3,41.55
737,13,5,465.2
737,11,3,74.97
737,23,4,16.24
738,20,5,223.4
738,9,1,34.68
739,20,3,134.04
739,5,1,4.28
739,11,2,49.98
739,13,4,372.16
739,14,4,384.76
739,8,5,66.4
739,24,4,372.44
739,21,4,63.84
739,17,4,336.36
740,4,3,4.8
740,10,4,222.52
740,7,3,38.79
740,16,4,55.4
740,22,5,344.85
740,11,2,49.98
741,5,5,21.4
741,10,3,166.89
741,1,5,278.75
741,19,4,193.76
741,21,5,79.8
742,10,2,111.26
742,25,5,378.65
742,14,2,192.38
742,19,4,193.76
742,13,1,93.04
742,6,1,39.37
742,1,5,278.75
742,7,5,64.65
742,24,2,186.22
742,22,3,206.91
743,10,3,166.89
743,23,4,16.24
743,4,5,8.0
743,7,1,12.93
744,22,2,137.94
744,1,5,278.75
744,13,2,186.08
744,23,5,20.3
744,7,3,38.79
744,2,3,151.38
745,19,1,48.44
745,12,5,332.2
745,18,2,107.62
745,2,2,100.92
745,8,2,26.56
745,15,4,53.52
745,4,5,8.0
745,11,1,24.99
745,7,3,38.79
745,9,2,69.36
746,21,5,79.8
746,8,4,53.12
747,13,4,372.16
747,5,1,4.28
748,11,3,74.97
748,15,5,66.9
748,18,4,215.24
748,9,5,173.4
748,24,4,372.44
748,12,1,66.44
749,7,2,25.86
749,22,3,206.91
749,18,3,161.43
749,9,2,69.36
749,19,3,145.32
750,22,3,206.91
750,10,4,222.52
750,20,1,44.68
750,9,5,173.4
750,13,2,186.08
750,7,5,64.65
751,9,4,138.72
751,23,4,16.24
752,25,4,302.92
752,11,1,24.99
752,18,4,215.24
753,22,3,206.91
753,12,2,132.88
753,25,3,227.19
753,16,3,41.55
753,4,4,6.4
754,20,4,178.72
754,9,5,173.4
755,7,4,51.72
755,5,5,21.4
755,10,5,278.15
755,2,1,50.46
755,1,1,55.75
755,23,4,16.24
755,16,3,41.55
755,12,3,199.32
755,3,2,141.1
756,23,5,20.3
756,18,4,215.24
756,5,2,8.56
756,19,4,193.76
757,19,4,193.76
757,20,5,223.4
757,25,5,378.65
757,3,3,211.65
757,22,2,137.94
757,9,5,173.4
757,2,4,201.84
757,6,2,78.74
758,14,5,480.95
758,8,3,39.84
758,1,5,278.75
758,18,2,107.62
758,10,4,222.52
759,7,2,25.86
759,19,4,193.76
759,2,1,50.46
759,6,2,78.74
760,25,3,227.19
760,1,4,223.0
760,18,1,53.81
760,14,2,192.38
760,16,3,41.55
760,11,4,99.96
761,14,5,480.95
762,18,5,269.05
762,20,3,134.04
763,14,3,288.57
763,4,3,4.8
763,1,2,111.5
763,6,4,157.48
763,11,2,49.98
763,15,2,26.76
764,20,4,178.72
764,21,1,15.96
764,2,5,252.3
764,19,4,193.76
764,10,4,222.52
764,11,1,24.99
764,6,5,196.85
764,9,1,34.68
764,16,2,27.7
765,5,4,17.12
765,23,3,12.18
765,25,5,378.65
766,4,1,1.6
766,12,1,66.44
766,13,1,93.04
766,22,4,275.88
766,20,1,44.68
767,21,1,15.96
767,12,4,265.76
767,10,1,55.63
767,20,1,44.68
767,7,4,51.72
768,3,2,141.1
768,22,5,344.85
768,17,4,336.36
768,1,1,55.75
768,7,4,51.72
768,15,4,53.52
769,18,4,215.24
769,13,3,279.12
769,23,2,8.12
770,6,1,39.37
770,1,3,167.25
770,18,1,53.81
770,13,4,372.16
770,5,5,21.4
770,14,4,384.76
771,16,5,69.25
771,25,5,378.65
771,12,4,265.76
771,21,3,47.88
771,24,1,93.11
771,6,2,78.74
771,7,4,51.72
771,18,2,107.62
772,23,2,8.12
772,21,3,47.88
772,2,4,201.84
772,7,4,51.72
772,20,1,44.68
772,16,5,69.25
772,6,1,39.37
773,21,3,47.88
773,22,1,68.97
773,13,3,279.12
773,1,5,278.75
773,16,2,27.7
773,25,1,75.73
773,8,5,66.4
773,19,3,145.32
774,8,2,26.56
774,14,1,96.19
774,24,2,186.22
774,15,1,13.38
774,22,2,137.94
774,7,3,38.79
774,12,5,332.2
774,18,1,53.81
775,4,4,6.4
775,5,2,8.56
775,3,5,352.75
776,9,3,104.04
776,1,4,223.0
776,10,3,166.89
776,21,3,47.88
777,3,4,282.2
777,8,1,13.28
777,21,2,31.92
777,12,1,66.44
777,4,4,6.4
777,16,2,27.7
777,9,1,34.68
777,1,4,223.0
777,19,4,193.76
777,23,2,8.12
778,7,4,51.72
778,24,1,93.11
778,10,2,111.26
778,18,4,215.24
778,6,2,78.74
778,8,2,26.56
778,5,2,8.56
779,10,2,111.26
779,3,3,211.65
779,11,2,49.98
779,9,5,173.4
780,12,5,332.2
780,9,2,69.36
780,2,5,252.3
780,16,2,27.7
780,24,2,186.22
780,18,1,53.81
781,13,2,186.08
781,24,1,93.11
781,2,5,252.3
781,7,4,51.72
781,5,1,4.28
781,6,1,39.37
782,6,3,118.11
782,22,2,137.94
782,8,1,13.28
782,14,5,480.95
782,5,4,17.12
783,1,4,223.0
783,19,1,48.44
783,16,4,55.4
783,12,5,332.2
784,19,4,193.76
785,10,5,278.15
785,16,4,55.4
785,8,2,26.56
785,4,4,6.4
785,5,2,8.56
785,24,1,93.11
785,25,3,227.19
785,9,3,104.04
786,1,4,223.0
787,20,4,178.72
787,25,4,302.92
787,5,3,12.84
788,16,2,27.7
788,5,5,21.4
788,22,5,344.85
788,11,4,99.96
788,12,5,332.2
789,3,5,352.75
789,10,4,222.52
789,13,1,93.04
789,23,1,4.06
789,5,5,21.4
789,15,3,40.14
789,21,4,63.84
789,7,1,12.93
789,11,3,74.97
789,1,4,223.0
790,7,4,51.72
790,10,5,278.15
790,23,5,20.3
790,22,3,206.91
790,11,2,49.98
790,4,4,6.4
790,19,4,193.76
790,16,5,69.25
791,21,2,31.92
792,2,2,100.92
792,9,5,173.4
792,23,1,4.06
792,18,1,53.81
792,22,3,206.91
792,15,3,40.14
792,8,2,26.56
793,16,1,13.85
793,24,5,465.55
793,9,1,34.68
793,13,5,465.2
793,14,2,192.38
794,8,4,53.12
794,3,5,352.75
794,15,3,40.14
795,14,5,480.95
795,2,4,201.84
795,21,5,79.8
795,5,5,21.4
795,23,5,20.3
795,12,1,66.44
796,5,1,4.28
796,22,4,275.88
796,16,2,27.7
796,3,2,141.1
796,14,4,384.76
796,11,2,49.98
796,12,3,199.32
797,6,3,118.11
797,24,3,279.33
797,23,2,8.12
797,19,5,242.2
797,8,4,53.12
797,13,3,279.12
797,10,1,55.63
798,16,5,69.25
798,21,4,63.84
798,24,5,465.55
798,5,3,12.84
799,9,5,173.4
799,2,2,100.92
799,4,5,8.0
799,24,5,465.55
799,25,3,227.19
799,14,1,96.19
799,21,1,15.96
800,6,4,157.48
800,1,2,111.5
800,22,2,137.94
800,8,4,53.12
800,10,1,55.63
800,11,3,74.97
800,3,5,352.75
800,17,2,168.18
800,15,1,13.38
801,4,2,3.2
801,14,3,288.57
802,6,5,196.85
802,5,4,17.12
803,19,4,193.76
803,22,2,137.94
803,13,3,279.12
803,4,1,1.6
803,16,3,41.55
803,10,5,278.15
803,6,4,157.48
803,25,2,151.46
803,8,5,66.4
804,20,2,89.36
804,12,3,199.32
805,7,5,64.65
805,1,5,278.75
805,13,5,465.2
805,19,5,242.2
805,8,3,39.84
805,15,1,13.38
805,10,3,166.89
805,24,4,372.44
805,14,3,288.57
805,20,1,44.68
806,7,2,25.86
806,23,3,12.18
806,6,2,78.74
807,1,5,278.75
807,8,1,13.28
807,13,1,93.04
807,19,2,96.88
808,11,1,24.99
808,10,1,55.63
808,24,4,372.44
808,8,2,26.56
808,16,2,27.7
808,13,3,279.12
808,15,5,66.9
808,7,5,64.65
809,14,2,192.38
809,11,5,124.95
810,14,5,480.95
810,10,5,278.15
810,7,2,25.86
810,11,5,124.95
810,2,3,151.38
810,24,3,279.33
810,25,1,75.73
810,9,2,69.36
811,14,3,288.57
811,4,4,6.4
811,7,3,38.79
811,1,4,223.0
811,17,5,420.45
812,9,3,104.04
812,13,3,279.12
812,12,1,66.44
813,5,2,8.56
813,11,4,99.96
813,20,5,223.4
813,16,4,55.4
813,15,3,40.14
813,7,5,64.65
814,11,5,124.95
814,22,4,275.88
814,14,4,384.76
814,18,2,107.62
814,2,2,100.92
814,25,1,75.73
814,4,1,1.6
814,15,5,66.9
815,16,3,41.55
815,17,3,252.27
816,25,2,151.46
817,23,3,12.18
817,16,3,41.55
818,22,3,206.91
818,14,1,96.19
818,1,5,278.75
818,7,1,12.93
818,11,1,24.99
819,21,2,31.92
819,10,4,222.52
819,11,1,24.99
819,16,5,69.25
820,8,2,26.56
820,19,2,96.88
820,1,1,55.75
820,2,1,50.46
820,24,1,93.11
820,12,3,199.32
820,17,5,420.45
820,18,5,269.05
821,8,5,66.4
821,18,2,107.62
821,24,1,93.11
821,12,5,332.2
821,13,5,465.2
821,23,2,8.12
821,22,5,344.85
821,10,1,55.63
821,16,5,69.25
821,3,3,211.65
822,6,2,78.74
822,11,2,49.98
823,4,3,4.8
823,7,5,64.65
823,2,1,50.46
823,18,1,53.81
823,25,1,75.73
823,14,4,384.76
824,12,5,332.2
824,23,5,20.3
824,22,1,68.97
824,15,5,66.9
824,7,2,25.86
825,15,1,13.38
826,7,1,12.93
826,14,4,384.76
826,25,3,227.19
827,15,1,13.38
827,13,1,93.04
827,23,3,12.18
827,6,5,196.85
827,3,1,70.55
828,15,1,13.38
828,11,5,124.95
828,9,2,69.36
829,23,5,20.3
829,10,4,222.52
829,13,4,372.16
829,19,1,48.44
829,3,2,141.1
829,8,5,66.4
829,11,5,124.95
830,23,5,20.3
830,9,5,173.4
830,20,2,89.36
830,12,3,199.32
831,21,3,47.88
831,9,2,69.36
831,14,3,288.57
832,21,3,47.88
833,9,1,34.68
833,10,4,222.52
833,24,2,186.22
833,16,3,41.55
834,7,4,51.72
834,13,5,465.2
834,18,4,215.24
834,14,2,192.38
834,19,1,48.44
835,9,5,173.4
835,23,4,16.24
835,1,5,278.75
835,14,2,192.38
835,4,5,8.0
835,25,3,227.19
835,15,2,26.76
835,3,4,282.2
836,2,3,151.38
836,21,4,63.84
836,13,3,279.12
837,18,3,161.43
837,2,5,252.3
837,25,4,302.92
837,19,2,96.88
837,14,3,288.57
837,12,5,332.2
837,23,1,4.06
837,9,4,138.72
838,10,1,55.63
839,21,4,63.84
839,16,3,41.55
839,5,4,17.12
839,6,4,157.48
839,1,1,55.75
839,25,5,378.65
839,13,5,465.2
839,4,3,4.8
839,23,5,20.3
840,8,3,39.84
840,9,4,138.72
840,2,3,151.38
840,14,3,288.57
840,4,2,3.2
840,10,2,111.26
840,22,4,275.88
840,23,4,16.24
840,6,3,118.11
840,24,2,186.22
841,14,1,96.19
841,11,1,24.99
841,18,4,215.24
842,6,1,39.37
842,10,1,55.63
842,1,4,223.0
842,19,2,96.88
842,13,3,279.12
842,25,4,302.92
843,25,5,378.65
843,13,1,93.04
843,18,1,53.81
843,12,3,199.32
843,21,1,15.96
844,13,2,186.08
844,9,1,34.68
844,23,4,16.24
844,17,3,252.27
845,9,2,69.36
846,6,3,118.11
846,3,1,70.55
846,8,5,66.4
846,1,3,167.25
846,18,2,107.62
846,13,3,279.12
846,15,5,66.9
846,21,1,15.96
847,8,5,66.4
847,16,4,55.4
847,25,2,151.46
848,3,4,282.2
848,21,4,63.84
848,6,2,78.74
848,22,1,68.97
849,20,5,223.4
849,3,1,70.55
849,7,3,38.79
849,11,2,49.98
849,25,3,227.19
850,3,1,70.55
850,25,5,378.65
851,4,2,3.2
851,1,1,55.75
851,16,4,55.4
851,10,3,166.89
851,25,4,302.92
852,9,3,104.04
852,3,5,352.75
852,21,5,79.8
852,10,5,278.15
852,24,5,465.55
853,14,3,288.57
854,4,1,1.6
854,11,4,99.96
854,22,2,137.94
854,20,1,44.68
854,10,5,278.15
854,3,3,211.65
854,1,1,55.75
854,12,4,265.76
854,23,5,20.3
855,11,5,124.95
855,19,1,48.44
855,6,5,196.85
855,23,4,16.24
855,20,4,178.72
855,14,1,96.19
855,9,5,173.4
855,5,1,4.28
856,7,5,64.65
856,6,1,39.37
856,4,3,4.8
856,21,3,47.88
856,13,4,372.16
856,9,1,34.68
856,23,3,12.18
856,22,3,206.91
856,2,2,100.92
856,10,5,278.15
857,13,3,279.12
857,25,4,302.92
857,22,5,344.85
857,11,1,24.99
858,23,1,4.06
858,7,5,64.65
858,4,2,3.2
858,3,1,70.55
858,2,4,201.84
858,22,3,206.91
858,11,4,99.96
858,21,5,79.8
858,20,2,89.36
859,14,1,96.19
859,7,2,25.86
860,22,2,137.94
860,3,3,211.65
860,13,5,465.2
860,25,4,302.92
860,21,1,15.96
860,11,5,124.95
861,2,5,252.3
861,6,3,118.11
861,17,4,336.36
861,4,1,1.6
862,3,4,282.2
862,13,2,186.08
862,18,3,161.43
862,9,2,69.36
862,19,3,145.32
862,10,3,166.89
862,17,4,336.36
862,4,5,8.0
862,23,5,20.3
863,18,5,269.05
863,22,4,275.88
863,21,3,47.88
863,5,3,12.84
863,3,2,141.1
863,14,5,480.95
863,12,1,66.44
863,17,1,84.09
863,4,1,1.6
863,8,2,26.56
864,15,5,66.9
864,11,3,74.97
864,7,1,12.93
864,23,2,8.12
864,6,1,39.37
864,22,1,68.97
864,10,2,111.26
864,14,2,192.38
865,1,1,55.75
865,20,1,44.68
865,9,2,69.36
865,17,2,168.18
865,6,2,78.74
865,21,2,31.92
865,4,1,1.6
866,22,5,344.85
866,7,2,25.86
866,2,4,201.84
866,14,3,288.57
866,24,5,465.55
866,16,5,69.25
866,9,2,69.36
866,23,1,4.06
866,17,1,84.09
867,18,5,269.05
867,23,4,16.24
867,2,1,50.46
867,4,5,8.0
867,25,1,75.73
867,16,4,55.4
867,15,1,13.38
868,19,5,242.2
868,5,2,8.56
868,4,2,3.2
868,23,1,4.06
868,20,5,223.4
868,15,5,66.9
869,10,1,55.63
870,6,1,39.37
870,7,3,38.79
870,24,5,465.55
870,21,4,63.84
870,15,1,13.38
870,3,2,141.1
870,14,2,192.38
870,9,2,69.36
871,6,2,78.74
872,12,5,332.2
872,8,4,53.12
873,1,1,55.75
873,4,5,8.0
873,8,2,26.56
873,21,4,63.84
873,13,5,465.2
873,10,5,278.15
873,3,1,70.55
874,19,5,242.2
874,14,4,384.76
875,18,3,161.43
875,1,5,278.75
875,3,1,70.55
875,25,4,302.92
875,5,1,4.28
875,10,5,278.15
875,11,5,124.95
875,4,3,4.8
876,18,3,161.43
876,11,1,24.99
876,20,5,223.4
876,16,2,27.7
876,10,5,278.15
877,18,2,107.62
877,19,4,193.76
877,24,4,372.44
877,8,5,66.4
877,25,2,151.46
877,2,5,252.3
877,20,2,89.36
877,22,4,275.88
877,5,3,12.84
877,23,1,4.06
878,9,5,173.4
878,6,1,39.37
878,11,3,74.97
878,20,4,178.72
878,19,3,145.32
879,1,2,111.5
879,14,4,384.76
879,7,3,38.79
880,18,3,161.43
880,24,2,186.22
880,16,2,27.7
880,20,3,134.04
880,9,4,138.72
880,23,3,12.18
880,25,5,378.65
880,11,2,49.98
881,20,3,134.04
882,22,2,137.94
882,9,5,173.4
882,7,4,51.72
883,17,5,420.45
883,4,3,4.8
883,6,2,78.74
884,24,5,465.55
884,4,5,8.0
884,12,3,199.32
884,8,5,66.4
884,5,3,12.84
884,2,2,100.92
884,10,1,55.63
884,9,2,69.36
884,13,1,93.04
885,2,5,252.3
886,19,1,48.44
886,15,1,13.38
886,1,4,223.0
886,8,2,26.56
886,25,1,75.73
887,22,5,344.85
887,4,3,4.8
887,21,4,63.84
888,5,4,17.12
888,13,3,279.12
888,11,3,74.97
889,2,4,201.84
890,10,2,111.26
890,13,5,465.2
890,16,4,55.4
890,4,5,8.0
890,15,5,66.9
890,8,4,53.12
890,24,3,279.33
891,10,3,166.89
891,11,3,74.97
892,4,3,4.8
892,17,1,84.09
892,10,3,166.89
892,6,1,39.37
892,9,3,104.04
892,8,1,13.28
892,18,1,53.81
892,20,5,223.4
892,22,3,206.91
893,18,3,161.43
893,11,1,24.99
893,7,3,38.79
893,21,2,31.92
893,24,4,372.44
893,13,4,372.16
893,16,2,27.7
893,12,4,265.76
894,2,4,201.84
895,25,1,75.73
895,15,5,66.9
895,3,4,282.2
895,11,2,49.98
895,20,2,89.36
896,6,4,157.48
896,10,3,166.89
896,23,1,4.06
896,14,3,288.57
896,15,1,13.38
897,4,3,4.8
897,22,3,206.91
898,7,3,38.79
898,10,4,222.52
898,20,5,223.4
898,19,1,48.44
898,11,4,99.96
899,12,5,332.2
899,17,3,252.27
900,2,3,151.38
900,5,2,8.56
900,15,2,26.76
901,3,2,141.1
901,6,1,39.37
901,8,2,26.56
901,1,4,223.0
902,14,1,96.19
902,1,5,278.75
902,23,1,4.06
902,18,2,107.62
902,7,2,25.86
902,16,5,69.25
903,9,5,173.4
903,25,1,75.73
903,11,3,74.97
903,16,1,13.85
904,23,3,12.18
904,12,2,132.88
904,20,1,44.68
904,9,2,69.36
905,1,2,111.5
905,20,3,134.04
905,11,2,49.98
905,4,2,3.2
906,23,5,20.3
906,15,3,40.14
906,16,1,13.85
906,18,1,53.81
906,14,1,96.19
906,13,1,93.04
907,1,3,167.25
907,21,4,63.84
908,12,4,265.76
908,5,5,21.4
908,13,3,279.12
908,7,2,25.86
908,9,5,173.4
908,1,5,278.75
909,19,2,96.88
909,5,4,17.12
909,4,4,6.4
909,16,1,13.85
910,14,5,480.95
910,2,1,50.46
910,17,1,84.09
910,5,1,4.28
910,8,5,66.4
910,13,1,93.04
910,3,3,211.65
910,15,3,40.14
910,10,4,222.52
911,21,4,63.84
911,4,3,4.8
911,5,5,21.4
912,20,1,44.68
912,4,3,4.8
912,18,1,53.81
913,22,1,68.97
913,13,2,186.08
913,10,5,278.15
913,8,4,53.12
913,11,5,124.95
913,24,5,465.55
914,3,5,352.75
915,6,2,78.74
915,17,3,252.27
915,8,1,13.28
915,21,3,47.88
916,14,2,192.38
916,22,4,275.88
916,3,3,211.65
916,4,5,8.0
916,23,3,12.18
916,1,2,111.5
916,12,3,199.32
916,18,1,53.81
917,23,1,4.06
917,4,3,4.8
917,10,1,55.63
917,2,4,201.84
917,18,4,215.24
917,19,3,145.32
917,17,4,336.36
918,15,4,53.52
918,4,2,3.2
918,23,1,4.06
919,9,3,104.04
919,10,2,111.26
919,2,2,100.92
919,4,5,8.0
919,19,3,145.32
919,13,3,279.12
920,7,3,38.79
920,19,2,96.88
920,20,1,44.68
920,24,4,372.44
920,6,1,39.37
920,4,5,8.0
921,16,3,41.55
921,14,2,192.38
921,13,3,279.12
921,17,3,252.27
922,22,1,68.97
922,24,5,465.55
923,7,4,51.72
923,2,3,151.38
923,24,4,372.44
923,6,5,196.85
923,14,3,288.57
923,9,4,138.72
923,18,4,215.24
924,5,2,8.56
924,8,3,39.84
924,18,2,107.62
924,12,5,332.2
924,1,4,223.0
924,11,5,124.95
925,6,5,196.85
925,15,3,40.14
925,13,3,279.12
925,18,3,161.43
925,8,5,66.4
925,10,4,222.52
925,9,4,138.72
925,23,5,20.3
925,2,5,252.3
926,22,1,68.97
926,18,4,215.24
926,9,2,69.36
926,3,3,211.65
927,5,1,4.28
927,25,5,378.65
927,14,5,480.95
927,6,4,157.48
928,20,5,223.4
928,25,3,227.19
928,5,3,12.84
928,12,3,199.32
929,4,3,4.8
929,10,3,166.89
929,16,4,55.4
929,5,4,17.12
929,9,1,34.68
929,11,4,99.96
929,15,5,66.9
929,12,5,332.2
930,16,3,41.55
930,8,2,26.56
931,9,3,104.04
931,19,5,242.2
931,11,1,24.99
931,13,1,93.04
931,10,4,222.52
931,25,1,75.73
931,8,3,39.84
931,1,4,223.0
931,14,3,288.57
932,12,4,265.76
932,21,2,31.92
932,11,2,49.98
932,2,2,100.92
932,4,4,6.4
932,10,4,222.52
932,8,4,53.12
932,22,2,137.94
933,11,2,49.98
933,13,2,186.08
933,23,5,20.3
933,24,5,465.55
933,8,3,39.84
933,20,4,178.72
933,2,4,201.84
933,25,4,302.92
934,18,1,53.81
934,13,3,279.12
934,2,4,201.84
934,17,2,168.18
935,18,5,269.05
935,8,2,26.56
935,21,2,31.92
935,4,1,1.6
935,11,2,49.98
935,2,3,151.38
935,12,5,332.2
935,5,2,8.56
935,14,3,288.57
936,8,4,53.12
936,13,5,465.2
936,5,5,21.4
936,24,4,372.44
936,15,3,40.14
936,20,5,223.4
937,6,2,78.74
937,18,3,161.43
937,16,4,55.4
937,22,4,275.88
937,23,5,20.3
937,11,1,24.99
938,11,1,24.99
938,18,3,161.43
938,8,1,13.28
938,9,3,104.04
938,6,3,118.11
939,14,5,480.95
940,3,1,70.55
940,19,5,242.2
940,9,3,104.04
940,16,2,27.7
940,8,2,26.56
940,18,5,269.05
940,11,1,24.99
941,18,1,53.81
941,25,5,378.65
941,2,2,100.92
941,8,3,39.84
941,24,4,372.44
942,12,3,199.32
943,25,1,75.73
943,8,2,26.56
943,1,2,111.5
943,4,5,8.0
943,7,4,51.72
943,18,2,107.62
943,11,5,124.95
943,6,2,78.74
944,9,5,173.4
944,12,4,265.76
944,16,1,13.85
944,6,1,39.37
944,5,2,8.56
944,3,1,70.55
944,25,5,378.65
944,17,2,168.18
944,14,4,384.76
945,6,4,157.48
946,19,1,48.44
946,6,1,39.37
946,7,3,38.79
947,8,1,13.28
948,4,1,1.6
948,22,1,68.97
948,16,5,69.25
948,17,2,168.18
948,7,1,12.93
948,25,3,227.19
948,18,5,269.05
948,12,3,199.32
949,25,1,75.73
949,12,4,265.76
949,18,1,53.81
949,15,4,53.52
949,5,1,4.28
949,2,4,201.84
949,11,3,74.97
950,22,4,275.88
950,4,5,8.0
950,24,5,465.55
950,14,3,288.57
950,20,5,223.4
950,18,4,215.24
950,6,2,78.74
950,7,4,51.72
951,20,1,44.68
951,15,4,53.52
951,11,3,74.97
951,23,3,12.18
951,12,3,199.32
951,21,3,47.88
951,13,5,465.2
951,6,4,157.48
952,5,5,21.4
952,24,3,279.33
953,3,1,70.55
953,21,5,79.8
953,23,2,8.12
953,19,1,48.44
953,1,3,167.25
953,18,5,269.05
953,25,5,378.65
953,9,3,104.04
953,2,3,151.38
953,15,2,26.76
954,4,2,3.2
954,9,3,104.04
954,6,5,196.85
954,12,5,332.2
954,25,1,75.73
954,7,1,12.93
954,18,5,269.05
954,2,1,50.46
954,17,1,84.09
955,6,5,196.85
955,22,2,137.94
955,9,4,138.72
955,4,2,3.2
955,10,4,222.52
955,19,3,145.32
955,14,4,384.76
955,12,3,199.32
955,15,5,66.9
955,24,2,186.22
956,2,4,201.84
956,5,4,17.12
956,7,5,64.65
956,9,1,34.68
956,18,1,53.81
956,6,1,39.37
956,25,4,302.92
957,2,3,151.38
958,13,4,372.16
958,14,5,480.95
958,24,5,465.55
958,20,1,44.68
959,20,2,89.36
959,12,4,265.76
959,17,1,84.09
959,6,2,78.74
959,2,3,151.38
960,20,5,223.4
960,7,5,64.65
960,4,2,3.2
960,25,3,227.19
960,21,5,79.8
960,14,4,384.76
960,22,5,344.85
960,16,2,27.7
960,6,1,39.37
961,2,5,252.3
961,22,4,275.88
961,13,4,372.16
961,11,1,24.99
962,14,1,96.19
962,11,4,99.96
962,25,5,378.65
962,20,4,178.72
962,10,1,55.63
963,25,1,75.73
963,19,5,242.2
963,4,4,6.4
963,11,2,49.98
963,6,4,157.48
963,18,2,107.62
964,21,1,15.96
964,7,5,64.65
964,25,4,302.92
964,12,2,132.88
964,18,2,107.62
964,9,2,69.36
964,24,1,93.11
965,7,4,51.72
965,23,2,8.12
965,6,4,157.48
965,18,4,215.24
965,24,3,279.33
965,16,3,41.55
965,17,5,420.45
965,5,4,17.12
965,2,4,201.84
966,1,4,223.0
966,15,1,13.38
966,25,2,151.46
966,24,4,372.44
966,8,1,13.28
966,22,1,68.97
966,11,2,49.98
966,13,4,372.16
967,18,5,269.05
967,3,3,211.65
967,24,2,186.22
967,23,2,8.12
967,22,5,344.85
968,16,4,55.4
968,7,1,12.93
968,13,3,279.12
968,6,1,39.37
968,22,4,275.88
968,4,5,8.0
968,23,1,4.06
968,11,1,24.99
968,18,5,269.05
969,16,3,41.55
969,13,1,93.04
969,2,2,100.92
969,7,5,64.65
969,9,1,34.68
969,6,5,196.85
969,23,3,12.18
969,5,1,4.28
969,3,3,211.65
969,12,4,265.76
970,22,3,206.91
970,6,5,196.85
970,20,4,178.72
971,6,5,196.85
971,1,2,111.5
971,14,4,384.76
971,25,5,378.65
971,23,5,20.3
971,22,5,344.85
971,12,3,199.32
971,7,2,25.86
972,25,4,302.92
972,3,4,282.2
972,21,1,15.96
972,16,1,13.85
973,22,3,206.91
973,25,4,302.92
973,20,5,223.4
973,2,2,100.92
973,10,1,55.63
973,18,1,53.81
973,3,2,141.1
973,7,2,25.86
973,24,1,93.11
973,5,3,12.84
974,8,3,39.84
974,10,4,222.52
974,18,4,215.24
975,11,2,49.98
975,19,5,242.2
976,3,4,282.2
976,9,3,104.04
976,12,5,332.2
976,13,3,279.12
977,25,1,75.73
977,4,1,1.6
978,6,1,39.37
979,14,5,480.95
979,8,3,39.84
979,24,2,186.22
980,15,4,53.52
980,9,5,173.4
980,11,4,99.96
980,10,1,55.63
981,13,3,279.12
981,17,2,168.18
981,21,2,31.92
981,2,2,100.92
981,18,4,215.24
982,5,4,17.12
983,6,1,39.37
983,7,1,12.93
983,3,2,141.1
983,12,3,199.32
983,17,4,336.36
983,22,3,206.91
983,11,2,49.98
983,1,5,278.75
984,16,1,13.85
984,9,2,69.36
984,7,5,64.65
984,22,5,344.85
984,19,4,193.76
985,23,1,4.06
985,10,3,166.89
985,8,3,39.84
985,2,5,252.3
985,14,3,288.57
986,25,2,151.46
986,3,2,141.1
986,23,2,8.12
986,8,2,26.56
986,7,2,25.86
986,1,3,167.25
987,10,2,111.26
987,7,1,12.93
987,23,2,8.12
987,13,5,465.2
987,19,5,242.2
987,24,4,372.44
987,22,3,206.91
987,2,4,201.84
987,18,2,107.62
988,6,3,118.11
989,15,1,13.38
989,12,1,66.44
990,10,1,55.63
990,18,3,161.43
990,2,5,252.3
990,4,1,1.6
990,13,4,372.16
990,7,3,38.79
990,20,3,134.04
990,17,5,420.45
991,16,1,13.85
991,3,3,211.65
991,1,5,278.75
991,17,3,252.27
991,11,3,74.97
991,14,5,480.95
991,23,5,20.3
991,24,3,279.33
991,10,5,278.15
992,2,2,100.92
992,5,3,12.84
992,8,1,13.28
992,14,5,480.95
992,24,5,465.55
992,4,5,8.0
993,19,5,242.2
993,24,1,93.11
993,20,4,178.72
993,21,1,15.96
994,22,1,68.97
994,6,5,196.85
994,18,1,53.81
994,19,1,48.44
994,3,1,70.55
994,8,2,26.56
994,15,4,53.52
994,5,1,4.28
994,2,2,100.92
994,9,4,138.72
995,11,2,49.98
996,13,2,186.08
996,19,3,145.32
996,16,5,69.25
996,6,3,118.11
996,10,2,111.26
996,14,3,288.57
996,2,4,201.84
996,25,5,378.65
997,21,3,47.88
997,17,2,168.18
998,16,5,69.25
998,25,3,227.19
999,17,4,336.36
999,6,5,196.85
999,5,2,8.56
999,1,4,223.0
999,19,3,145.32
999,3,4,282.2
999,24,2,186.22
1000,21,5,79.8
1000,25,3,227.19
1000,15,4,53.52
